-0.08741825388731232,-0.5967647404357344
2.504558178844848,0.19551073282331383
-0.4289001862522368,-0.7442338756825241
-0.44475837065019036,-0.4510375099263156
2.5104504806169525,-0.0163282491147369
1.9506279259565054,0.39613820153242046
-0.7417043649393298,2.8293646000125467
-0.4466345488863098,-0.6337672653287767
-0.4514815701479647,-0.50660421309628
2.5074807149837004,0.002237306645581926
-0.4355126101617096,-0.6484350318655709
-0.47663634534268096,-0.45029945845996655
2.7017227355986364,0.36551228622829207
-0.43052004131532745,-0.6839253328695126
2.7409175202492,0.16551664726503418
-0.45435921767387705,-0.5193127552869834
-0.2556042809798423,2.2480579089852744
-0.401061616954016,-0.6508644256660261
-0.4503701205501846,-0.615911207408015
-0.44293473384505766,-0.6450670612645095
2.6754105498725447,0.37407801204630203
-0.44545518381829274,-0.631149635549642
-0.43309884726885634,-0.6399831682415217
-0.644289567117791,1.6966538620808151
-0.5571487221162855,1.388337824299286
-0.46035177538581284,-0.4844992178838584
-0.45548247344459747,-0.6334157023415998
-0.43620250793004883,-0.6046126172334745
-0.4313700550473054,-0.6815197086234658
-0.45594938543842933,-0.4856407359760313
-0.45261015037172897,-0.5953877655233435
-0.40727032180446243,-0.7109731613821145
-0.42428452679623907,-0.585207497507128
-0.45201555332602,-0.4929002531240265
-0.43015073112888547,-0.5041966624563085
-0.5766495853914528,1.4034778943911512
-0.43891175361331053,-0.41924304614053726
-0.423883545497307,-0.714615185608175
-0.6607264201376113,0.9523942641036252
-0.43803709556692605,-0.6922148120137638
-0.41704986379413916,-0.6645754446596984
-0.4448403691167821,-0.5881111488856885
-0.4144548814111189,-0.6947324160002272
-0.45908085169577384,-0.5783772684280457
-0.44533017557114074,-0.6587278484622447
-0.42518320834473483,-0.6673111000440827
-0.45604678132251175,-0.539135625987638
-0.5824694489307297,0.5627692471150771
-0.39427029957785337,-0.5795372732909265
2.013082124975541,0.09500200849107202
-0.41832641514063934,-0.6737146508234572
-0.4397576901140237,-0.41445121422243897
2.3273711301773536,-0.08817587209407585
-0.3804030259308125,-0.7067055287023962
-0.3752059196778789,-0.6416624050260014
-0.5343498116355027,1.5537058915290038
-0.7332486160784538,3.235220918608632
-0.42680706440390964,-0.5091989801280055
-0.4081720209468076,-0.48008403347884454
2.3774835122122155,-0.053630125243696335
-0.4246504285943253,-0.6773149289100089
2.313716412225054,1.1342642426123901
-0.39407508886760756,0.41570358611338676
-0.4377938974663315,-0.5456040626532352
-0.4219334238753236,-0.677254174039204
2.0142098850210064,-0.00010680145092849502
-0.4413106017534611,-0.6197862164720052
-0.45441245153990867,-0.6278626892545903
-0.43243086961226535,-0.7076273298117748
-0.455552690697858,-0.492960019497564
-0.43422113926594447,-0.6604928921754667
-0.4478115742651491,-0.6532825964736905
-0.425289544494623,-0.590220682849483
-0.4359482109313921,-0.7652104628937972
-0.46456067196230955,-0.5297860235070307
-0.43566022359534134,-0.6869907561125158
-0.420862706135251,-0.6310489311725005
-0.40839358915233337,-0.6831331359434644
-0.4090892849843948,-0.5455504917456081
-0.6342413525577434,2.2480492579113607
-0.4365018128763902,-0.3745642984247048
-0.45639659011942174,-0.409867459809142
-0.4237353391600457,-0.688439013658719
-0.25746813645468464,-0.4405192489057428
-0.4697152674867303,0.756983646120622
-0.3793343228144664,-0.6578702217776323
1.857317230511726,0.09749908432692228
-0.42843077413443575,-0.6719996226078628
-0.4084415301653225,-0.6853663145650722
-0.663984553148054,2.0533026594858392
-0.43969666645384653,-0.7861567563021206
-0.46442366361963083,-0.536989890473486
-0.4513478091282029,-0.5113617896222111
-0.6101720016385797,1.4497060090560712
-0.5746380023228758,0.3303664179008498
-0.4630508933320832,-0.5685524194937246
0.9759965124842013,0.33636972032531515
-0.44985679319153027,-0.6004111853666126
-0.6563120508087572,2.0831011328025415
-0.4119786937818659,-0.7562143983293194
-0.43361063550121737,-0.7419836789284944
1.0294268133237745,0.22340315599504063
-0.44678281193082686,-0.4565369749423505
-0.4211097086531084,-0.5920644939616626
-0.4290984568276976,-0.7378058006307234
-0.44621142826543675,-0.6281481716735026
-0.44573390486247005,-0.6318843738312758
-0.42136378182500583,-0.6965767407069364
-0.42719113044803064,-0.7332662091907631
-0.4127654308028527,-0.5357724469006081
-0.4237716121595859,-0.5716879006525523
-0.48875872985358887,-0.5228987405553617
-0.43232505812120053,-0.6954448953208002
-0.4575037410227559,-0.5176804405355777
2.705744959109161,0.3310469734694074
-0.471392711009967,-0.45765093398803636
-0.5841338658700812,1.1256842799422435
2.4815755592085615,0.3989081289227064
-0.4098120992755088,-0.6652477371117338
-0.389901550252318,-0.7133586101328695
-0.45044727123728806,-0.6500436032870168
-0.42099463731543213,-0.7276553458241101
-0.4229353722807365,-0.4154889152280831
-0.42127680616224955,-0.625297201789235
-0.4712577326301487,-0.5999354454673436
-0.5958389191201293,1.3387436523735006
-0.4243929139163563,-0.6436319701353401
-0.4239844271369966,-0.7443773753223459
-0.42731107610034386,-0.6894637692073012
2.45825354702471,-0.08228993318567164
2.67157913580793,0.40115681668062236
1.1300295477229139,-0.010161514396119101
-0.3739541957401033,-0.6704150099675364
-0.4200628398889301,-0.7010943761669122
-0.41157998460862993,-0.5564374850016187
-0.6339977966336835,1.981173491710648
-0.4359477240898312,-0.6637340702694635
-0.42857337410436336,-0.614413434919328
-0.4312003174253675,-0.6207858104909258
-0.4434273080072994,-0.6550267060250022
-0.664148135253796,2.1985364339749607
-0.3027830597461295,-0.5429740738614233
-0.39640719445299505,-0.7888832402912308
-0.5258592609498651,0.5092894715154705
-0.449686164399285,-0.4976300198800839
0.93716777430083,0.13557301333971014
-0.41181523225119127,-0.6321987465886483
-0.5824969259977524,1.2699303242516544
-0.4250718897030598,-0.6636066429824347
-0.4501356573752735,-0.51586307207797
-0.7422587516961086,1.433285071196157
-0.4365068820334247,-0.6893064753158268
-0.4369334126924285,-0.40410274472716984
-0.4054800292053299,-0.7455612363291512
-0.4324804089614346,-0.4939624803263556
1.9484534754989231,0.30980431747745224
2.3241155029149474,0.505007983084378
1.7451456137547274,-0.23427438509014056
-0.44838320101000106,-0.4584010470734958
-0.6567257603249103,0.7045772451234529
-0.5999415315340235,1.3310290786038854
2.33603324373926,0.6372486523501498
-0.5146526892521017,0.462745731779576
-0.4331858364588159,-0.5252253969503411
2.3598016660114487,0.3895547478681089
-0.4251414145804884,-0.7061793323339085
-0.37130079410520267,-0.6480400423760908
-0.42277191517782614,-0.6773358570658956
-0.4711224939465082,-0.5131653196676679
-0.434146232111714,-0.6678533861120224
-0.6578388123318687,2.5987284658471927
-0.43768772308524234,-0.6578311521065637
-0.4471222567148589,-0.5341832519106836
2.3297729365092383,0.47437123087726984
-0.4479594816034141,-0.6745174262309914
-0.4282333948891017,-0.4514082458712901
2.0107570085714492,0.6382575655227867
2.5254905251965383,0.22466243641944647
-0.4555832999113572,-0.5842515965535792
-0.44831872687984126,-0.643409057417646
-0.4281893222442144,-0.7048073920881298
-0.6851501884037807,2.6569156609546876
1.1422115962879582,0.13097778956814204
-0.4087121123230517,-0.5692401258981257
-0.4209090058476915,-0.6673099769440041
-0.4364283072766137,-0.30928646896927614
-0.4107212374404616,-0.5851854618894407
-0.46854128851156523,-0.573583342187225
1.8665358489298156,0.27297663949183876
-0.5905039944600737,1.2918233853121144
-0.36387525478007277,-0.6619002795727893
-0.4142037495337316,-0.7338599180024648
-0.6643532280897846,2.9252580836297915
2.3284927641297934,0.9152693908986752
-0.4046006758942314,-0.5213574259187465
-0.5462265919519657,2.5890220946010647
-0.4270375583214944,-0.6572930744744659
0.4785477900556592,1.790500292975153
-0.4346439231458082,-0.7320993301453499
-0.4465376672769373,-0.4498236916997347
-0.5652391512641484,0.3433165419493879
2.5575916589348107,0.11691741234502508
-0.6315578948441382,2.8797269821654723
1.9746145211566128,0.15503733102762082
-0.4346865267729867,-0.6923949919564276
-0.4617652566059733,-0.42403427317044384
-0.42979580793744626,-0.7833783457638612
-0.4215511172723565,-0.6129759708750283
-0.44206205523233205,-0.7257109496772766
-0.5587377005965606,1.512407997648944
-0.6439253362003335,1.6619399127041792
-0.7402521786408846,3.0686529150134207
-0.44753778092314006,-0.5617777243933794
2.1002278732671797,-0.10916389352551467
2.523405280722004,0.12928789389615833
-0.45487283480060353,-0.6196244359709566
-0.4382838873120357,-0.6781510560178332
-0.45359754892551785,-0.44066115975481207
2.536603513742516,0.1385414744148737
-0.3936870486931166,-0.6705372123885209
2.7688128635092464,0.2103438770084553
-0.47252648606341546,-0.5336499086252086
-0.40837901381157715,-0.5901624595114894
-0.5937543757010394,1.1651245486943747
-0.41910609276127353,-0.6244724334532836
-0.5105136927362495,-0.10511467772901496
-0.6340367826505081,1.959390327720622
0.9403074644078167,0.08203045499635908
-0.4366182847624713,-0.6636229257093885
-0.40053753170907247,-0.7168281206078053
-0.43294783424299704,-0.6862379300864501
2.509339287255682,0.18592889846202443
1.0975655750664328,0.21674031808790428
-0.4209475279515073,-0.7135614729647696
-0.4223401348197308,-0.7385940259703737
-0.5865702937348295,2.234405478345583
2.360051018333103,0.5118045508072747
-0.47657869747768056,-0.08057501959320107
-0.4418079895248424,-0.5568887320566767
-0.45371295391769234,-0.6104923798595648
-0.42921689180535794,-0.6805606812172533
-0.4488053786045333,-0.27635219249110293
-0.45102462265871746,-0.664784893162296
-0.40452062858021975,-0.6000825418894509
-0.40741531286457083,2.4667575377954303
-0.35061870673470247,-0.6779814417611864
-0.41881855077675906,-0.5229357783950316
-0.4318317875297405,-0.7386396681926456
-0.42636580430667637,-0.6365032809792719
-0.4056733248115052,-0.6770349837831118
-0.16953206749511865,-0.5794643429542529
0.8692875403544394,-0.09724695054031858
-0.38614505136478616,-0.5541322818322851
-0.43541923723675946,-0.6687105873679692
-0.4230751863496305,-0.7344193859061062
-0.45390215927868394,-0.6333928206507318
-0.4383921747917896,-0.658814731659133
-0.4564313985386998,-0.6213462270747457
-0.42577507130368786,-0.6824387466147932
1.2249387614717802,0.18151130695347234
2.479583427859183,0.1189255558380956
-0.6258283198309929,1.5106781540327638
2.375937145655455,-0.07147126708083508
-0.45126935605324225,-0.6612412467564411
-0.43595206035471096,-0.746436727957754
2.5080968972075457,0.18842340768928947
-0.4248458507659289,-0.55492098925909
-0.4264736713000095,-0.6896680421503081
-0.7087267329243021,2.2139537182372457
-0.40940668462634566,-0.6443024431833636
-0.6078237071886468,1.285830833136345
-0.46256985530365685,-0.5644602278810086
-0.43526966059406225,-0.5259065019559663
2.3745301491398245,-0.03585845590287465
-0.4494342458037353,-0.5199563616467499
-0.4269197027753471,-0.6566512266056681
1.893461282960339,0.09622210016811475
-0.43228100446681517,-0.5901910380872483
-0.38544281836186167,-0.5513431866587911
-0.3712480466435069,-0.4038896367871264
-0.4082601262269634,-0.7083877365064736
-0.3960947860535055,-0.7515644212015155
-0.44167075754614216,-0.7074714516801714
1.9011028581553369,0.37809019017608264
-0.5647359908181457,0.1404938631325353
-0.4010498215174484,-0.624027004822745
-0.4523723617918206,-0.5500416191015245
1.040601204138211,0.05357069585562804
1.8206969621564049,-0.09941491904255281
-0.45352242590228603,-0.5573232640810187
-0.36609677899042725,-0.3158235394330389
-0.41168222473927735,-0.7200594420321842
-0.43187847255759243,-0.7038330344126452
-0.4436333456314453,-0.4676522990601437
-0.42886607029009355,-0.7149305034351936
1.0274209462363104,0.0833989229280654
-0.4249133428651633,-0.6787127173188987
-0.4228734950715261,-0.7525534880482725
1.6652881207507588,-0.07177301282620581
0.47241852252014715,0.20937182758961764
-0.5349318148599711,1.3862558828230656
2.4605325431068352,0.3512954156719042
-0.41082839064949206,-0.6550398527400645
-0.4076835248826506,-0.7084092345838984
-0.4223796267859739,-0.5877175810059746
1.896249019352044,0.27493677112343545
-0.4428220622961002,3.338469778305276
2.3765855921156853,0.06884057265244749
-0.4247764465476316,-0.6961549929514778
-0.5625113679033631,1.3336710463403563
1.9266030811748005,0.49037142885351226
-0.4364264275465988,-0.7262902314250896
-0.6078587282536544,1.4188981608106683
-0.4925821941927755,-0.02535635358367665
-0.31605525280468566,-0.7164411014750716
-0.4173311574253688,-0.5441813224054984
-0.5699557806747675,1.7579194417517994
-0.3782707878804442,-0.6754978560028891
-0.4455072159563974,-0.4007785205695451
2.3707717060094535,0.2088300354606565
-0.4388158201516369,-0.6269365023723377
-0.4764781396587836,-0.6768359837297427
1.999080605116012,0.257049987458072
2.3817057951319005,0.19428810119745715
-0.4223030500746574,-0.39506516785551765
-0.42472092018881313,-0.529322881281386
-0.4540288006944236,-0.610584887194055
-0.4075323180851304,-0.7023012763208004
2.4439007964534,0.21006868325632236
-0.21415299792792095,-0.6813720796136344
2.341128799202039,0.4969294566389779
-0.44392131068264173,-0.5279561689628005
-0.44708454073917997,-0.627541218244563
-0.4215177540997114,-0.5312135067778591
-0.41692743917764735,-0.6056630869715892
-0.44623830728954167,-0.5102727176071775
-0.7570164762880035,1.6130502014939898
-0.45233181084726426,-0.45200009326699103
-0.4159672532580092,-0.6271712278305867
-0.43858671306133384,-0.7092130093000928
2.3614333885032814,-0.07204006285125664
-0.437435654183811,-0.5822037487749001
2.3490204821256824,0.20527500350149624
-0.39585855165604455,-0.7329243933854256
-0.40713749826921053,-0.7298684955872328
2.431831595394524,-0.060927325069113455
-0.5673199762848652,0.0893654616764741
-0.44491051849040875,-0.6895325410457535
-0.40440400810524185,-0.7047739493824458
-0.4185303385669592,-0.7383896060572842
-0.42340386175862943,-0.7317690032458437
1.6920079274399393,-0.013544784663968867
-0.5170489138826565,0.08353829819430918
0.9636817458998216,0.22563786434595198
-0.6266457629303616,0.6458369495216867
-0.41210964590895977,-0.7002216627690354
-0.4433221114787649,-0.6363199275555028
1.0399952773001435,0.06927819263751009
-0.44078234824560286,-0.6855454610587186
-0.6564895956830653,2.216244788696133
-0.4386904420116607,-0.5973136913724152
-0.6202893158996629,1.582757458418959
-0.3989743662585228,2.258100563243809
-0.39512923536659056,-0.7398439300418549
2.7391754618799244,0.10817693176257924
-0.4187201775176286,-0.6684660848622757
-0.5890809144085244,1.2740488603224411
2.217239374383554,-0.03118477759899781
1.1252402376174202,0.16529682317108005
-0.44040430570115985,-0.5881178129345163
-0.48604918966337973,-0.6411347221748612
1.7477992737279378,-0.04193694979724369
-0.439042055236703,-0.6409649995528902
1.326940360386233,0.2505709554501003
-0.4506587697194201,-0.5977625172117659
-0.4281099442906348,-0.6912740247509567
2.0360896214676605,0.16270458817088845
-0.7415022865035352,2.939436580205287
2.5394669612238028,0.0453091092244578
-0.42612240998589723,-0.6868581383840336
-0.43543767821667473,-0.517749986148364
-0.4363822415523507,-0.5395592449008537
-0.418400989660812,-0.6497524363217307
-0.4515792128072244,-0.6662580587588155
-0.7611533596633051,2.7603594758497447
-0.1632529805502459,2.168558045613248
-0.4461828879059165,-0.7109588481117981
-0.45151106589122797,-0.5882937587380881
2.4756273944269056,0.2917053663535775
-0.3564214279154122,-0.5838970904087265
-0.45377118663181193,-0.6090944438459315
2.1228052944208367,0.5142848930632024
-0.4245992090390427,-0.6088761253572319
-0.6229781486617866,1.5000799061896661
-0.6415553846836601,2.249895828972725
-0.42318927197924083,-0.7251467769697403
2.3914958891280733,0.16052162704232578
-0.5064301179460238,-0.24686139310912458
-0.4094058520534704,-0.4234711444433111
1.9122372712922604,0.044431606912692455
0.600840132645806,0.29618958855637706
-0.4036916897882184,-0.6601242767174365
-0.42625010802819857,-0.6254790464978224
-0.6055480473154824,1.7112244388389144
-0.4171379853418265,-0.7120546479453914
-0.46146364249656896,-0.6288611200845772
-0.6428798343246457,2.5325176574207084
-0.4333463507667136,-0.5815660039398883
-0.37385485213654995,-0.6890420010251795
-0.4192689710096845,-0.5630162481435749
-0.6376697241852082,1.8773894440076733
-0.42612955526661095,-0.6419092611025938
-0.5390163988057843,2.0830637955230307
-0.43048554723044186,-0.5063120022079606
2.1429165562742316,-0.12749370320273248
-0.34629372025880445,-0.6920955050375487
-0.36391893936063485,-0.6875694260763647
1.8503061935816754,-0.14026353994601568
-0.6597100455658174,2.566013572699671
-0.6658797673972979,2.347795252542254
-0.4529039503717659,-0.5258905694691001
-0.4272049115759978,-0.4147210373100132
-0.42444052304603097,-0.7132976378561728
2.3889432426136206,-0.06101932133081276
-0.42897837295361324,-0.6979903747675904
-0.4124866699900366,-0.47796300286551996
-0.42417644656463527,-0.6317481047061365
-0.5738885820904278,2.014882588740032
-0.425902028106366,-0.4670972538227245
-0.4253612054819131,-0.7312348938350743
-0.7351544640013903,1.7033726615942189
-0.4556323483643649,-0.6455023363353859
-0.40986471825158394,-0.8043917043408562
2.330771537580304,0.4108370192796434
-0.5904008995487453,1.2902280355637474
-0.4220904522618352,-0.7195523453743943
2.45510420567072,0.09233636913969433
-0.4308473910592312,-0.6554225734647455
-0.4675714699887551,-0.5835846764702421
-0.43924630132677134,-0.5305546285684803
-0.4532677831905252,-0.5431287654437726
-0.4384684524323095,-0.6149894644273484
0.7503374882974662,0.16346207664113968
-0.41816757597278814,-0.5593334603115959
-0.4486278766733337,1.0463903862016257
-0.6597084380483877,2.443841488012882
-0.42917442180722065,-0.7235306767852225
-0.593811896221789,1.8368487719828752
-0.7376463384389542,2.7468937958473
-0.6051687172019838,1.403332408778364
-0.392721731506633,-0.7012274777494243
-0.7410807481906327,1.4755683876048367
-0.6009166949921104,1.8600673288070977
-0.4176619665082318,-0.6949537512984981
-0.39960991651229694,-0.7130058133019299
-0.43571907816711614,-0.6541488351891546
-0.600456536583723,1.7830403938330313
1.9532508099633157,-0.12787977129308584
-0.43746533395995213,-0.5501229908766024
-0.49324234129485817,-0.3987927687256934
-0.39767309719352556,-0.7238013109948636
-0.3710025938165449,-0.7518379907608197
-0.7342706236483374,1.7609294163131706
-0.6129372723105887,2.0325499577716437
2.372768916634932,-0.06919958548299171
-0.4425683554913149,-0.5908631225080777
-0.4212924793890038,-0.33773036125744443
-0.4452002022032205,-0.747813227433551
-0.4324007591194206,-0.6860222523371408
-0.4327302971835627,-0.6590544444442631
-0.4052415548950886,-0.6963363113590776
-0.4358991822567471,-0.6235853050026383
-0.6997817833875231,2.9545272028642917
-0.4039937797650715,-0.6601243714896697
-0.4776339031679019,2.1379155431667787
-0.11537138607025173,1.3071193138463408
2.398201953687807,0.11980690154461875
1.84948806601063,0.09017812591400427
2.3876163266609,0.09271242098931039
-0.4365673163355685,-0.6417783935546792
-0.4237280600863156,-0.6093504670153238
0.9358565907652016,0.24853072545948077
-0.6058003526381739,1.320420540336641
-0.48272376821882257,-0.3822432245720202
-0.4221419047246359,-0.6221141355038702
-0.4380075873793214,-0.6478459228142146
-0.44814819064595707,-0.6442665000168319
-0.3959934254884417,-0.48141750719993837
2.287370724628009,-0.1063551259525528
-0.6124636779077921,1.3438839937608522
1.622466465971112,0.30106847551804594
-0.4458179644794208,-0.6826536686675818
-0.41307766390907835,-0.4904446167638639
1.1957557138163146,0.10786308907449935
-0.6482847645028422,2.078543411931497
-0.6503839189161984,2.2103643507005297
-0.4390101571625794,-0.5046741693186914
2.1810453015840356,0.5394509149505504
2.3243033374762,-0.010134017886540767
-0.39321807892299737,-0.7361129264593995
-0.41980425034586594,-0.671618176734099
-0.7552236646668032,1.8114748251291333
-0.44864685149513733,-0.5325781755703665
-0.46015681968013933,-0.5140281372573869
2.410584783682112,0.3157256527053902
-0.44893291344410985,-0.6730870959241636
-0.740977511586559,3.2699729491100125
-0.4029762726997589,-0.7301454979522075
-0.307640570424852,-0.5254458437872732
-0.4473848457873539,-0.6178845847189001
2.723588416537229,0.29609308384319144
-0.6088561167018217,1.5968673385472911
0.9822779391541382,0.026557872618932592
-0.44800231966569043,-0.4265849149660796
-0.686315186933274,2.6159278712526763
-0.396921375393855,-0.729424678050017
-0.42624754184468244,-0.7705702636832115
-0.7135645597771533,2.5983309474583587
-0.4210805370251295,-0.6646077299812317
0.8529835488363255,0.30518610669951735
-0.44467161487258156,-0.5084947822708906
-0.46573513338525635,-0.4083181308079825
-0.4494025923563777,-0.569368184951197
-0.32352057128093153,-0.7496228934872882
-0.3894263728389145,-0.6851322513799912
-0.4682813378991741,-0.5755587401056346
-0.6318915381151592,1.7954811777864939
-0.20264856021256286,1.992033462190058
-0.4161448507522051,-0.6916489514706365
-0.3831576540146516,-0.7396320121470975
-0.38710599165365406,-0.542355540701001
1.6965018986906588,0.6176570255074499
-0.6874686696364208,2.4533617354702693
-0.4114935535865348,-0.6835220300051654
-0.4361282383793091,-0.636542144627067
1.7402993737159773,-0.04201761170652239
-0.4316908898808212,-0.6877615478671522
-0.41786439460406083,-0.7176161048873217
-0.45315751945131094,-0.4681103034352756
2.297695336743749,0.16776583925047225
0.9099353012459577,0.12029945558577243
2.7761609410265704,0.22378688751821554
-0.46531657285741407,-0.6354173246605781
-0.4169595181180992,-0.5579634273797492
-0.44455906400967027,-0.5514839038414817
-0.4706223637815847,-0.4545605383695573
-0.439333872883821,-0.5407480259060794
-0.42276400260378255,-0.7042966322090815
-0.509434104233488,-0.025766650855280477
-0.38757610682824545,-0.7422385129762524
-0.41828750447172597,-0.732469893288324
2.3910186295879585,-0.0681286459914498
-0.4524718458316488,-0.4247768106524498
-0.447224691046517,-0.3947624757444751
-0.44554624305886964,-0.4355926833226211
-0.4591070318198767,-0.5567113338437568
-0.45013162700344095,-0.632456323013175
-0.4220396190072741,-0.6765075927479696
-0.6867731691180631,1.5380014989522577
-0.3920875604655824,-0.6987075226609577
-0.464868451543262,-0.509506870174365
0.8253483250017468,0.23645397247304434
0.656882860180756,-0.16844481998452562
-0.4456796542428588,-0.634463713370374
2.392361793093521,0.12915497987463703
-0.6399748061506862,1.7709361090482372
-0.4274981629921969,-0.7068536885675706
-0.6363630948410154,1.5424806487805465
-0.4514081688340889,-0.6292241501533524
2.4453849970709443,-0.0652652210709963
-0.36238901570618515,-0.806646602199237
-0.4248402258897895,-0.6750073132052148
-0.4379016099683015,-0.5527482431265549
-0.41833120057783646,-0.7289042066843631
-0.3435994787579122,2.7600623258671138
-0.43417993690762613,-0.6476228785179662
-0.4309130120711156,-0.7532875052977965
2.289580817645751,-0.11376072703304116
-0.4551153760726931,-0.6691071728181468
-0.4234515726652561,-0.6990842428339913
-0.4311105646123986,-0.6816012354233819
-0.4061638556399102,-0.7175902132242707
1.9671615273368412,0.03637716539818979
-0.6608482276176535,1.7753841548232587
-0.47087868232877156,-0.6739544187617869
-0.41721428997160037,-0.5892871251141693
-0.45245327171840766,-0.7640398780656726
-0.11166942450542856,2.129451047953703
-0.42599512616718377,-0.5625506878583866
1.9751216338152806,0.5144836650183242
-0.5332606716525127,-0.025375797711182157
2.4385883428896094,0.10275726580807587
-0.41927704758744083,-0.589037813895149
2.74187149436923,0.35688597788289206
-0.3099518889669437,-0.6473712118779498
-0.39640563030397413,-0.6846139854158397
-0.45683012663431266,-0.6284435049765403
2.4731404107301573,0.27904519615323875
2.2637219230547974,0.4718241785882319
-0.448424513541192,-0.6287916067257193
-0.41608752984545616,-0.6535422705255574
-0.505209930323085,0.05452072382466608
-0.5901766128207759,1.2834561400183593
-0.4076881975304228,-0.7418387515882023
-0.49552385351185335,-0.38970246778082257
-0.4120797340659633,-0.5980653712379181
-0.40804128212249324,-0.7739031289654003
-0.41333466845540756,-0.687385019531713
-0.4302596179509827,-0.7350644196097132
-0.4444464372127117,-0.44002735043433844
-0.7292492444393486,2.6517342150849883
-0.4792761727643833,0.3600635083501127
2.551137579792397,0.3418175198673868
-0.4235278174965133,-0.7006314591667587
2.4109508324527194,-0.09169666019319264
1.9413256498153086,0.16931025849872056
2.4576069276866352,0.1293537477163126
-0.2070986472351711,3.0146382820873097
-0.44680136769827783,-0.6352381252586488
-0.40171634801872674,-0.730951137515333
2.4611822919070594,0.12692619324462748
2.3125555044859984,0.547941995825655
-0.6642568222996961,2.244687295328126
-0.4135025681281095,-0.6858565747199047
-0.43490802490826647,-0.6712311315271803
-0.4529880120679791,-0.5743009297480783
-0.42247683211890613,-0.6679523173091211
-0.4519624722278427,-0.6315699786042891
-0.3683152659902647,-0.664494024604299
2.4113793785721325,0.10287306307412727
-0.441573941288807,-0.7201364151575662
-0.45839914450407065,-0.4651739741097151
-0.43576270791196964,-0.6209477171886228
-0.3769224697416566,-0.4976956545810751
-0.4153075698300267,-0.6132355927516707
-0.4314902144288205,-0.62477216420301
2.365745595755176,0.2156911593273591
-0.7374063447886864,2.8185352553311995
-0.4250465860922833,-0.6535307169305209
2.7050571136470642,0.179005201920325
-0.4505260579623315,-0.6062961475284265
-0.4155897722403589,-0.7065486351798241
-0.44487051811657274,-0.6635130593481365
2.275110196076525,0.11814230091933038
-0.43529506617404745,-0.5572590120956483
-0.45079519453339073,-0.6204160939636116
1.2222531677096267,0.1765102108643042
-0.5908022565945039,1.0101420643088632
-0.4411514704791077,-0.6215522524095521
1.9771503049349695,0.07985628302673842
1.0712876559009334,0.053496707892406535
-0.4299071539890554,-0.6330719605662577
-0.6590498699556387,1.0679309701816635
2.7346777171129513,0.13747597755290122
-0.7464179956231277,3.043713543872808
-0.42291593065593996,-0.6918350730954291
-0.43990745282552474,-0.5961411564439291
-0.4070617152144008,-0.6467063109889463
-0.4160250111503505,-0.6333483480768135
0.9969290603427379,-0.04376137019210644
-0.6614113075426852,2.0207555132867707
-0.5884285178172548,2.469049865774319
-0.43352557725649876,-0.7053802334728498
-0.7229538479104493,2.8250137147620915
-0.4324558313411279,-0.597715846357263
-0.4579311462102379,-0.6117812937164904
-0.4296959842618983,-0.7019770438640245
-0.38084947425738597,-0.6507655789672332
-0.41078429080330225,-0.6065725804013512
-0.4034968027583339,-0.619561705202796
-0.41669171857412757,-0.6558781521697178
-0.30750407866381346,-0.6492720840749657
0.9073016875120441,0.9383669399648997
-0.4279547361384827,-0.673889652320372
-0.43845573820912614,-0.6079829535816045
1.1719346220190967,0.07162783734248375
2.465860548471446,0.15893608973528905
-0.6666216811390141,2.7931317409602703
-0.683426399305024,2.982552035408433
-0.4321959291012067,-0.4133210036789731
-0.6682469729961389,2.8597401729407514
-0.6293759148989214,1.656090302782737
-0.44325847242166555,-0.7310985703375992
-0.4430376778261291,-0.6650490584720162
-0.42269105941719554,-0.693549142640678
-0.3913885595011476,-0.6406931719107674
-0.38019079614905965,-0.636023148281149
-0.41193012446740723,-0.5545423008478032
-0.48707387781702705,1.2314086150940062
-0.5807717755530349,0.33966725199202125
1.0720271138909256,0.04375306373918314
-0.43077420841198305,-0.5578963312021139
-0.4438514914030758,-0.5423859767926965
-0.6415619327515755,1.3291579287775195
-0.6530929005730854,2.076672083694035
-0.635232612311462,2.7739503247645008
-0.4281329668864964,-0.6981558473315341
1.2132402093336785,-0.05282652331530124
-0.6415415472378325,1.704550549193321
-0.33591479264716767,-0.7134777799546707
-0.42877635670135383,-0.4716560057598888
-0.6399479045322009,1.9729451945952683
-0.4442503103888765,-0.542723645659212
-0.6311426106265349,0.6407318072301964
-0.4978563541095209,0.0856907512199283
-0.6076273582435044,1.4191717059388609
-0.4302041026388191,-0.48728145651685195
-0.48268724861585877,0.811137375112752
-0.4760760797185986,-0.46977400653684925
2.3439590858455412,0.3704437517952205
-0.42790764360776984,-0.7507634040612461
-0.5617436694245409,1.7823053168928504
1.9641829297739801,0.03473994352099389
-0.40477692328328013,-0.5578921239046084
-0.4253915933258189,-0.7409907961391461
-0.4376876076637225,-0.5857564743926033
-0.4190097905511905,-0.6011449325202111
-0.44225424737097585,-0.514174500840751
-0.3979011861266436,-0.6356817495842633
-0.4530232106136619,-0.6063338477924909
-0.4126937720735103,-0.6258296772129549
-0.4513630641815055,-0.4804769217726054
-0.4242026888569075,-0.6564232007543286
-0.41663061960293274,-0.5971575471883517
-0.35365104957944815,-0.5797586603476824
-0.6820008117989628,2.5713301382831926
-0.5764637295236628,0.2046013562435227
-0.6590766079835803,2.356077655783909
-0.42757634041520015,-0.6865850333828694
-0.45556937920392176,-0.3744892177749831
0.7826532210670933,0.007601912849438408
-0.4370574488502363,-0.6949065024591323
-0.45465841507094895,-0.45928339940608814
2.35548114753128,0.17491134420948226
-0.4353935900181537,-0.630578955168139
-0.4153837432003181,-0.6768561836518406
-0.43895303733252133,-0.6229663132199134
2.767526128469006,0.14217682525005665
-0.4415011057947762,-0.6661640903489041
-0.46293001071906864,-0.46381890814065607
-0.4349349822440683,-0.7035856073062577
-0.6492555442101633,2.819272900865829
-0.45370103563933595,-0.5796904916592855
1.483475299825636,0.10782119861015141
-0.4393650487010883,-0.5314156596452316
-0.3945159001193687,-0.5488134780829806
-0.450417996364569,-0.42839095076974737
-0.4311253974011199,-0.6551299525799047
2.4256823416415476,-0.08003520198222054
-0.5020749984178546,0.15618662151846932
-0.4319193050515602,-0.6716729967395813
-0.44308292651875203,-0.6171075386113508
-0.4450494612014516,-0.6296295771609733
1.9904846864552792,1.0907825918187204
-0.4112320477841228,-0.7215450349642852
-0.42220257359275243,-0.5237931143193272
-0.4436854356093347,-0.6524460643593705
-0.535598792568847,1.3654293169875877
-0.4285591781448999,-0.6588964772648742
-0.6356123471496262,1.7061852746088264
-0.6381624733435254,1.4838551635385102
-0.5441072452718543,1.0566477461204005
2.3927101498755983,-0.04424757973724682
-0.41915569807752967,-0.5264397141783194
-0.4334923547950877,-0.717775637241072
-0.42619432134319807,-0.6468490606843535
-0.6945997065728958,2.877882471837506
-0.4324275090073241,-0.646159448974895
-0.4280676116435436,-0.6553163588364382
-0.4779188780473592,0.10822143755240851
-0.43156162516512186,-0.6129165525764497
-0.5541593438263142,1.6323387890376857
-0.4305298986733153,-0.6830520275649066
-0.4139209867974031,-0.7071002242376705
-0.39183536797825913,-0.7228588021610695
-0.46087408086382,-0.6603144667631807
-0.5893971991898882,0.37060290990375594
-0.44475919876072173,-0.6390934906953585
-0.38063418606289606,-0.6269058587087863
-0.3860761746178266,-0.7027952827234458
1.3906656280167964,0.07809890028112648
-0.4153968405925993,-0.6763146305887564
1.0308015754358737,0.04990565464243623
-0.4334432294255429,-0.5569096885473136
-0.6832148829678723,1.984169986202414
-0.6717654037141821,1.4125955802154304
1.062113712046374,0.10852305871519496
-0.40770422457054184,-0.7250144465512957
-0.7057628543030071,2.718812121677167
-0.4549099027488043,-0.4586602918578582
-0.43474040887892573,-0.660445093837803
-0.4166246517946599,-0.6662600169114165
0.9026996709297441,0.01238619064963445
-0.4229925109094748,-0.7639469481809197
-0.45839162775330505,-0.4515027619634113
2.7178540585194204,0.2269626226496042
2.672163992938407,0.568515220074882
-0.4899932873582986,-0.4771373578128562
-0.756236623045745,1.6369665090589087
-0.42034237194655805,-0.6011740319987952
2.4373960563321075,0.15744770812445416
-0.46174340032914485,-0.31423535865850283
-0.43016864186534143,-0.6520400286037146
-0.5813221489798969,1.4316148339915262
-0.6297748881346739,1.6431358257867688
-0.4294840220589091,-0.5789709287375372
-0.42342136999915286,-0.5876436757509355
-0.7221155522176332,2.956539798837655
-0.39069665302044604,-0.6663534518022403
-0.7492712674146688,3.3399012913911097
-0.3892749982375797,-0.7589100198238911
-0.3914008860731479,-0.6545272633275158
-0.44200557256282397,-0.6075094531404467
-0.41332172336969736,-0.6533970694204914
2.714299252663693,0.2509739643317445
0.9278027613089268,0.25794812939256473
2.490183808198051,0.2279546748054299
-0.45516467934039917,-0.3914821057496488
-0.4785451340704154,-0.22251613404569862
-0.42687180927979046,-0.6667087491862733
2.45398855632129,0.201835923541621
2.5206031946688947,0.36057044157946727
-0.42576903735830635,-0.5985741497522042
-0.4586366476580478,-0.6116529212585953
1.6191266934462674,-0.1627117900234262
-0.4250131618065653,-0.6826399801265494
2.438037614925449,-0.049197953918499696
2.435582259980876,0.15964682936720695
-0.4368793131345374,-0.5696911140147849
-0.42111995640179517,-0.639895154957422
-0.45010562282294186,-0.3894746757734544
-0.4509896581491109,-0.561331719783817
-0.42408544679932175,-0.6134274366238204
-0.44207994869864203,-0.6602655989506978
-0.38551037319466713,-0.6632315314351731
-0.4080868413561936,-0.7657845538682281
-0.7631789451935849,1.6826227330322614
-0.3942955325178173,-0.6307178152821942
2.663708012887222,0.14051317123423515
-0.6140781677694811,1.4652023853145164
2.4139149745627217,-0.07088375450388916
1.2027399425054905,0.04406986219418618
0.11952999182068781,-0.2481902660250632
1.576896684513679,-0.13827670236084197
-0.4200724863716221,-0.5707929096444008
-0.4329596846855964,-0.37280929646569644
-0.4392237637628218,-0.5422577696760215
-0.43277889309302775,-0.6933715877171225
-0.4168049216947613,-0.6428950579771968
-0.448173779969601,-0.5914258053816606
1.6870410327126453,0.5933480533336047
-0.4480051746803203,-0.5697684685221003
-0.417236377982568,-0.44092827125814416
2.4495611058547175,0.11615341082679029
-0.4700724501161285,-0.5392958045918794
-0.5730253749903359,1.2461173460590091
-0.4240697256691557,-0.6853607723582373
-0.32723399975033735,2.1780739754723086
-0.4490288599097385,-0.5469282734494884
-0.42600603333997705,-0.6892299780094655
-0.446687545760102,-0.41585071291074677
-0.40683382820793534,-0.7523792130348812
-0.4539726030553855,-0.4040447948720537
-0.6314661069283832,1.5417719943798034
-0.4207183222375828,-0.5556154879515743
-0.4202275027405917,-0.6714721792942978
-0.4544778684863422,-0.6243686118376619
1.6310066510203862,-0.24937972586780968
-0.4148912115026905,-0.6859554587321767
2.724802573831979,0.15702688011308671
-0.38505174794663255,-0.6202038325327922
-0.6927939751256714,2.27856871245595
-0.4236693859786884,-0.5338511380284409
-0.645148790123884,2.876068789739806
2.0051829440155284,0.00042779746324997435
-0.42944272237145864,-0.6477597562231339
2.695771973572548,0.32430562410762287
-0.4118983673457157,-0.65988301391251
-0.5558588882232691,0.11179581566962564
-0.4402222168655657,-0.6021866636500814
-0.6037816754498521,1.7480644486865111
-0.4500793200376932,-0.701904493657278
-0.42089937347848466,-0.618942131834735
-0.4150840827406001,-0.675640102039575
-0.4438499281882852,-0.5972305176796068
-0.40545447207803875,-0.7171913553182441
2.410352872015097,-0.06896774802715698
2.5523311922779617,0.061075810560913414
-0.39459199713710275,-0.600659087295282
-0.3439401217503591,2.308875355197031
-0.4255602429848869,-0.7390415141289951
-0.37512160250203996,-0.6190696524283816
-0.44439364577074053,-0.6489081161457402
2.180059711170575,0.524604346640237
1.8734436182421297,0.5911245525985326
-0.6142922515038739,1.6392970311654325
-0.43238166022031965,-0.44027942534597
-0.35952742137214455,1.870521096910006
2.4516606893087,-0.1189686920327874
-0.3932993888185514,-0.7092814548234404
-0.4201650497465481,-0.642977908794457
-0.42146089563254013,-0.7313298295802353
-0.31006819118358,-0.5679658873941998
-0.4394352129518735,-0.7197700310228252
-0.41986688465708155,-0.6380166723763796
1.0985276552644967,-0.07004512574664164
-0.42619717799357365,-0.7265683034170511
-0.361078302171595,-0.5655769358150697
-0.4208244856874574,-0.7616980161966287
-0.4559090291523124,-0.6355738253260883
-0.43080377704239375,-0.6650377072427632
2.315120191842941,-0.08907944516371902
-0.42816438159429004,-0.7141885517377053
-0.509077457790183,-0.12327905486922648
-0.38421619742898583,-0.6185150485183953
0.8794940260980696,-0.07433171995620255
-0.5369974432367645,0.6946178049676984
-0.4277453525932733,-0.7114772956551774
-0.4563292809845581,-0.5505588707565169
-0.7473774165646981,1.510926717291995
-0.4387597567206233,-0.637064706264497
-0.48437124160197254,-0.33746998492046937
-0.4726800062874201,-0.6173722715605343
2.497685524333401,0.28136064389315735
-0.8094648650327738,1.9862521157643065
2.3404369186641403,0.09209143269089502
-0.27649875098679094,-0.6427749369578903
-0.4272722388516369,-0.6927328768070284
0.8140493771714091,0.0064510323335544555
-0.43287151681429736,-0.690944358153902
-0.4504128550013377,-0.49366321980385164
2.438311466219505,0.11724880430950621
-0.38155238286140314,-0.6572971970690192
-0.6631209451149038,0.7246191155554124
-0.5795096788342274,0.45140695186055296
-0.3409662793163652,-0.5884179465456325
2.673084077402854,0.2844772851844523
1.2038397260760256,0.14255014114805414
2.4653727325915282,0.007215081193882855
-0.39021823134058803,-0.7716565408949173
-0.46496269875916063,-0.45298813129007015
-0.3695019794276252,1.6240475956811773
-0.4236645541675365,-0.7087313812170309
-0.07248018048464726,-0.513259570471509
-0.4244848843685724,-0.7647936290046834
2.738964942916042,0.15976218004607678
-0.4156601110128115,-0.6776819414534653
2.4159073075695034,0.1381448579452443
-0.7985574020204542,3.0401738252305948
-0.45042271759442976,-0.5121608068992366
-0.4329123279917821,-0.6602372053478106
-0.430629608004133,-0.651204884529047
-0.5859897548566501,1.705843402264484
-0.43878712081273263,-0.5248839343548453
-0.6224072379216375,2.0017815205519613
-0.4131456654830924,-0.6855263809839919
-0.6455351700022798,2.400516711617697
1.8899018878052292,-0.08380904893903815
-0.40205325092251926,-0.6330856462687385
-0.7404727215377984,3.1249789448957634
-0.4128890544875587,-0.7013181961742928
-0.6620742540478135,2.450724396441015
-0.4146125566125989,-0.5666822261449294
-0.69352451282385,2.356924472818835
-0.4202986271196268,-0.7624707328008384
1.0648666519384944,0.5419604537157757
2.3615126939141367,-0.04060641246037766
-0.39945580991290847,-0.6856282223563492
-0.4250256724061959,-0.5625113437890267
-0.45163879464015255,-0.5615956380631265
-0.36486006929570514,-0.6327520375237679
-0.427209339396151,-0.7187321140160894
-0.4370961911467524,-0.6429707059613838
-0.4260087083947141,-0.6510084888437131
-0.43107825936730165,-0.6811889798468795
-0.41206701581347543,-0.6376859223104313
-0.5651040999827278,0.8392584915022063
-0.4514006256140804,-0.5007665900034187
0.9559168080171412,0.13524661176594382
-0.42814798577468316,-0.684768630136156
-0.35626260050514497,-0.650870270850389
-0.4248276363663431,-0.7615221704170909
-0.4542460797342382,-0.5076598558674531
-0.43516586383137806,-0.6333474894589576
-0.4377129690774758,-0.3141097268406417
2.404335967876833,-0.08107572458483295
-0.42015953111482257,-0.6420102378124215
-0.42213655263254096,-0.695283860550283
-0.4341714672761994,-0.5068907292161638
-0.4498601144266102,-0.413258506640048
-0.4174655313955328,-0.6923332124999191
2.448837093604486,-0.004551671070077957
-0.437988976551002,-0.6472487953020023
-0.4422172982698694,-0.6234669577224898
-0.4594677944324429,-0.6542261851611755
-0.449433176864885,-0.6193940567869752
2.2668198550497447,0.4175675609725887
-0.603639971574332,1.6080599417738137
-0.43720562810235997,-0.6723788266793297
-0.36270517901837435,-0.68212608030172
2.51776715064863,0.06963341689850222
-0.43115966797191235,-0.6888107190890254
-0.35020454023633896,-0.5151614477202768
-0.43099885994134923,-0.6071202752358142
-0.45516837574966923,-0.5388882205673381
-0.7319313678326992,1.3385531551525502
-0.6053747735327658,1.5186801729978936
-0.45213333974362124,-0.6359392207520655
-0.4215997830190483,-0.7367347854545085
-0.36297902713330576,-0.6630705040512471
-0.43615052166850565,-0.5235772357125908
-0.7532521474107546,3.032848923476646
-0.5503172103223058,0.07359076037682935
-0.42746581037223613,-0.6683096152161608
-0.4358630110307907,-0.7173272494192241
-0.3741765880078856,-0.7528342520702281
-0.427203232723014,-0.5478530771304967
-0.2372614331031793,-0.619696524974186
-0.4317650460511085,-0.7143551654938642
-0.4615931938810154,-0.5539612263302907
-0.7731967480910709,3.1540732397294375
-0.461974990852872,-0.5760288586553162
-0.6409773056366033,1.589235984267306
-0.43794789025304787,-0.473807452298862
-0.3951117739581543,-0.6242499256382966
-0.3944055327514461,-0.634228358972204
-0.4308283997326081,-0.6802861375186188
-0.41977563573013477,-0.5317518897027905
-0.2941965428443016,-0.5626827060265212
-0.4265219540846045,-0.360174844449654
-0.4320920918260633,-0.5969918658364263
-0.41866385212574847,-0.44676922648117906
2.4073764735163787,0.010336619087892903
-0.4262689350038064,-0.6874826603546176
-0.4817017446781977,-0.4310207851913579
-0.43261990177546916,-0.6532990535370351
2.8053935407198676,0.19948643459448345
-0.4416465876947691,-0.7237518354582584
-0.4333150681111225,-0.3676989565270831
1.4243169932210569,0.00026585084657667306
-0.42959476316907375,-0.5673831863075401
2.271202286200702,0.10388499443585819
2.8033793429236913,0.1865934832801765
-0.3734594177294039,-0.33156648721080206
-0.4377709492755213,-0.6449247563961158
-0.4025844165342048,-0.6742272230855418
2.474786580246154,0.01517609378986199
-0.7190321027685783,1.4850969375873897
1.9630157968191335,0.15166850959867442
-0.4107099161787867,-0.6278028782408251
-0.6756434574054254,1.1015615689422134
-0.6384100219230856,1.6011644513045746
-0.5855426232967498,1.225630959608385
-0.44990635327655437,-0.658469175860337
-0.4359680876453698,0.06085544943148816
-0.45613947340915484,-0.5961485101120296
-0.7361837056045186,2.9896800750158756
-0.4636336618832057,-0.5519403274779305
-0.6282257725228567,0.47555639287447987
-0.3848789067500241,-0.6911708640561792
-0.4503509446056376,-0.5325146129464774
-0.4358577175770178,-0.7145979973410426
2.652933887550919,0.06409465558871971
-0.7732732344747447,2.991362429672216
-0.5458184499447647,1.319314861853469
1.8936343151061295,-0.03480346056941035
-0.421010136182331,-0.7548826027994304
-0.42991630210592036,-0.7523890656123682
-0.43332652500206853,-0.6851619869279261
-0.46728433835689803,-0.5982062640446593
2.7145375751128027,0.2278377445410689
-0.42717441517641286,-0.7278808227331386
-0.44937656827235795,-0.5411039401599658
-0.4100567644758387,-0.5249183074533681
-0.46969497467615623,-0.40050083259353597
2.7255242161482185,0.3238425377051843
-0.4315315025278792,-0.7038264604710756
-0.38985497017451465,-0.7491798770138299
-0.3970345939602887,-0.6802195613797489
-0.42946497148375634,-0.6332854103156347
-0.553614358729381,1.96086900500461
1.2257174432235882,0.16861951701820932
-0.44911805054924503,-0.6227611783783934
-0.4277634718266178,-0.6858011912132057
-0.45285596775610376,-0.45781216176095435
-0.6546953825194545,1.9311838772524657
-0.46273499900327525,-0.43256506896709934
-0.4540608705844541,-0.592906422399192
-0.42971948732428533,-0.5300428671783406
-0.4421499088741243,-0.7250990804216474
-0.42872667666404246,-0.72058159881363
-0.3777260698321288,0.7643981004498039
-0.38700445527431093,-0.7279301009955252
-0.6157221480082445,1.514282349754334
-0.3867172618389887,-0.6848285647828127
-0.6505285301349879,1.6976130438012293
-0.2967624591573204,-0.6382834534176575
-0.3959929731798196,-0.44358729913852235
0.9675077973393178,0.2755965020285459
-0.45356180032775056,-0.45921150166816266
-0.43248922988017363,-0.6793227597702791
-0.4243194594729534,-0.7547832181454172
-0.41354269861797527,-0.5156207123754383
-0.6412668056806968,1.6047285375323752
-0.4672975801074592,0.9396517570763988
2.4126576707128358,-0.04957134368750165
-0.6086824395391001,1.5760868712932856
2.408648245057027,0.4240973852230283
-0.413837152470231,-0.7168890775829853
-0.42465473751638544,-0.6546303178459157
-0.3641952310682821,-0.7278098024693818
-0.39173424109033467,-0.5261992025734594
1.5987993148015158,-0.1445156988197138
-0.5734517300580602,1.1769977012598043
-0.4501850580948585,-0.6252559790398456
-0.6812325091998696,3.0913361237652177
-0.447127291427038,-0.673391013896048
1.9522968226205901,-0.06722238821086107
-0.5854971168834345,2.291244102827085
-0.4248457409219869,-0.7445568362854663
0.8911873704043582,0.0659040255534371
-0.44351601048547484,-0.4075039557342563
-0.6166095985056159,1.6649471161442015
-0.5270890959248239,1.3949264216265496
-0.42411243792456804,-0.5418824167444833
-0.4356903298406238,-0.6513159218975344
-0.4365278031771846,-0.7127631812151541
2.117917110725673,0.12455812265705296
1.8479016604643728,-0.0833224625821501
-0.630745510775942,1.6731385860859282
-0.6101359286546987,2.6507121743676456
-0.42179793526362136,-0.6983372058345709
-0.5408863429026929,0.6819843638325176
-0.4383277539734505,-0.4216050875012914
2.0045574511048674,-0.011217245653386122
-0.6114305387806969,1.5820169304286085
-0.423027203051466,-0.3938193026690883
-0.5682995106569451,1.3232412956047248
-0.4301776495600377,-0.6629494953505819
1.738066687538934,-0.044241099989439404
-0.44256381999614336,-0.6702868918298841
-0.4330964097235863,-0.6982940218550631
2.4388489621538736,0.1437820529340312
-0.4340960117359879,-0.625753639120867
-0.41053164362624744,-0.6567088906200397
1.648532924449329,0.2782997263774001
-0.43043577555152257,-0.65867678267593
0.964775119720508,0.0926296678186486
-0.4421316964074742,-0.7417980954558063
-0.7384495126660777,2.912290984455515
-0.4411124995496171,-0.5262342839631825
2.463261766595319,0.23848130434296855
-0.7121821833645351,2.8867046774388028
-0.4200589756449072,-0.6780359388708732
-0.4179435388173945,-0.6983514036963874
-0.38006030588501194,-0.6702875025342978
-0.4837476263145738,-0.5474982200114804
-0.4335598569791583,-0.6058319574441614
1.2021639394568773,0.2210529204029963
-0.4439916688128642,-0.34337522266515763
-0.41461201943640114,-0.6776371777138454
-0.3814641777548618,-0.6781372040923778
-0.405493872831538,-0.753789624904947
-0.43636633746947784,-0.6946783804313948
1.643966252074876,-0.1752355282273836
-0.4499400141257376,-0.676708091794886
-0.4750146421725902,-0.26928542413382667
-0.4533040124313541,-0.5820837797909553
-0.44620572064879044,-0.6602424080843718
-0.4560194282938074,-0.6030115799704099
-0.4702923337472157,-0.6298066405992309
-0.4217684695660756,-0.6210703673184342
-0.5338805002697303,1.8237189157345073
-0.6259025601075154,1.6040673332972266
-0.4598354391334928,-0.6795760378899611
-0.40974577885164776,-0.6543613453781476
-0.4517096676096114,-0.6324134411950928
-0.3686451762760102,-0.679830937123283
-0.4377813680638516,-0.6197680313921177
2.2267221404121926,-0.046505921084397404
-0.3819683299417819,-0.6211043264642923
1.9601734719018704,0.08640095903893537
2.4065729718686244,0.3386472011464864
0.9706692401839141,-0.08274883373742933
-0.45735363993045464,-0.3631141523906448
-0.42938830535363826,-0.5360734840334856
-0.42254541636492376,-0.673505783032517
2.5270197835820576,0.05782956295684442
-0.44090069669974485,-0.6066931125197812
-0.7368679919312758,1.5714435530134785
1.575299136491217,-0.07057702843572981
-0.39484793694091197,-0.5479206473172699
-0.40889240580731395,-0.5972607701497793
-0.6311851378983937,2.469872426398066
-0.5631895294081789,1.4923441658391772
-0.45834937159543604,-0.3937658702167075
-0.5733345420982037,1.3210261137188644
-0.6311056824413958,1.5849943479008286
2.4596923768294245,0.2149399584971335
-0.6237408514567024,2.024939250086254
-0.45505564238186363,0.7207161758190515
-0.43244288346252824,-0.4677716173782966
-0.557770752361601,1.2648135601737545
-0.4151462189500294,2.2086172057871662
-0.36760657844959554,-0.25583902423564253
2.4836594071760927,-0.1139018596356613
-0.6974831589789879,2.221390885569551
-0.4358627616997712,-0.6459333711156355
-0.39196485129847364,-0.5797036614501598
-0.4784602165954353,-0.5672186282268933
-0.42539453361480384,-0.6698127017381973
1.7896908140360452,0.17651151388418357
-0.4657028695351122,-0.4727891117318894
-0.4295174897395268,-0.7017621285866339
0.899667514570952,0.1352302699731202
2.372290859520733,0.1591960720825177
-0.6776460533253561,2.6311670584868496
-0.6163521947032127,1.3489497189638675
-0.5885888011500542,1.2037470988189525
2.7211636949759583,0.23792991278432665
-0.4309940775466776,-0.622317918321491
-0.5230613549719523,0.17660450632555152
-0.44809185530548085,-0.5785830608657202
2.062798111057166,0.10216454406795164
-0.42204304363647116,-0.6021864403733318
-0.4426693240825914,-0.4958097417155643
-0.40515345163402283,-0.7138105353537617
-0.39659844986531717,-0.5831388863379613
-0.6928682050686548,2.863733542479238
-0.7031889918797164,2.732353747948441
1.6968081987855415,0.48900132065827934
2.722515054685748,0.12147695026047813
-0.4412467911926824,-0.6636502035619211
-0.6121776597471377,2.323389791567895
-0.611491302062114,2.3281385954377245
-0.4910798028794282,-0.5674703492043599
-0.38975376919531435,-0.4836950688480216
-0.3944592799153043,-0.6473493857781377
-0.34393341684776185,2.835194113960206
-0.43762475692587355,-0.4836422524955523
-0.42171660049229287,-0.7793156354838277
1.0337425811457839,0.2390930335684677
2.0894426618590574,0.4157619489823106
-0.4458555099727055,-0.7127746317680285
-0.4393107771984536,-0.6693367628348786
-0.43405059420656705,-0.6835932308546872
-0.45844720504640407,-0.5332519729566082
2.494617292347578,0.22673869713874428
0.7759735469849111,0.2440980451151373
-0.621083455032061,0.6897863972589029
-0.4509876183397757,-0.37060210736028737
-0.4353139828738498,-0.7599789358825214
-0.4467882319635409,-0.6881562215979058
-0.4051458628100412,-0.7158233168144832
-0.4317971171547985,-0.6710015727925868
-0.43750847231265444,-0.7256189714286592
2.2285390415928137,0.1525541076648981
-0.6324286353142403,0.7753878205852341
-0.4212623810932179,-0.6666660992051245
-0.4797684324778416,0.006492220495761397
-0.4359352388122806,-0.6497624001112208
-0.4303879822105098,-0.6539283631059944
-0.7170470849744937,0.9354621396646855
-0.4358607153957608,-0.6945870600798882
-0.6781654814386824,0.9344322560681431
2.416378975535485,0.13737943526763743
-0.27422533190509335,-0.6375400224057992
-0.44139525338520524,-0.7421497772828358
-0.6621062315758253,0.7791892840557493
-0.42871491272686413,-0.5365873369557486
-0.4282208310965491,-0.5005792041261397
-0.46815803560388225,-0.3088855720503672
-0.684206590197326,2.5170632956756553
-0.7842781948156353,3.1806090049133795
-0.43421448550362524,-0.5066485896663626
-0.4551717890488207,-0.6117897314639245
-0.42614670059377857,-0.7120002387451018
-0.405176349994914,-0.6544713087387158
-0.6341918815960564,1.981321740475396
2.4833665462639556,0.45383516881544506
-0.6592076803132141,2.205494262656927
-0.43391582326198486,-0.726121895714715
1.6607757489472792,-0.09070799460633851
2.3998545426215747,0.42986581701149446
-0.4422712369532928,-0.6185458800956012
-0.5476734361255546,1.2287403652113387
0.9885867461235293,0.026064279447428163
-0.40005744944539856,-0.5670244976969773
-0.4392627377645334,-0.6451533247895044
-0.4247976879093797,-0.6461191200436559
-0.6887282070877518,2.956134131272519
-0.42852943353042,-0.6607879926221085
-0.40191797886932096,-0.7219591764400731
-0.4485323518054739,-0.6335680387770298
0.8095121635461482,0.11742515170900768
-0.7451170541072304,3.0445400239277003
-0.4345639800160147,-0.7174989998959913
-0.6234769567702743,1.5946443138188704
-0.43454894246044795,-0.6861687464343007
0.7649942334231823,0.2662564955671302
-0.710659637381528,2.679519180090785
-0.42556777814790364,-0.775692022822799
-0.6040618202433345,2.033374749176713
-0.42241184129261394,-0.6826016929089929
-0.4093972177756047,-0.6492801301746721
-0.5872701790197106,1.2723498720166833
0.959736297604638,-0.09429470737994561
-0.39474848654034767,-0.652503228014101
-0.5937867614136791,1.4694553249638127
-0.39970622069222067,-0.6015307198100425
-0.6084896737690044,1.928881703952796
2.5035624263909604,0.059120606825618184
2.3655783515696016,0.030995660469999575
2.496665688146135,-0.09930783199407009
-0.49850501320627433,3.2163088134243343
-0.5997380597141081,1.322702157109313
-0.456236477967249,-0.37131310630035935
-0.4470273738745586,-0.6369412348931414
-0.4353080221343849,-0.6847770174420463
2.5208802359485127,0.28513420599688866
-0.666180238326182,1.9778055316301975
-0.42554804492690557,-0.654786811579787
-0.45490292046107345,-0.5913225703361953
-0.4445715342929177,-0.6623804578308681
-0.6607265627282606,0.8160560185714937
-0.4611470433575515,-0.6330526139511572
-0.45005637257839715,-0.6171278594419384
-0.4281063186295159,-0.7253857121053525
-0.5239787556656528,1.6330116195539897
-0.734262426703302,1.5505826738564719
-0.6147755332306625,2.585065328709804
-0.44136459874490935,-0.6172705687986406
-0.4499212275170475,-0.6340192712849168
-0.4375607861553544,-0.5654327172174174
1.362854774218716,-0.02529857287357486
-0.41148696761911185,-0.7099403222299406
-0.3326941210066427,-0.6504638318645479
-0.40366262698522976,-0.6218391736744187
-0.420174031429055,-0.6287097963684968
-0.44070843231815593,-0.6994974579876473
2.7624820449134835,0.17011442678324773
-0.468925750158631,-0.6285015153086146
-0.4124973073779965,-0.6683703273130813
-0.42805905964112684,-0.7139898894305075
-0.4720856622467078,0.9314504455706498
-0.41493957027522754,-0.6282223352933747
-0.6102208844903011,1.4821763740247544
-0.6267908137877909,2.9257283134102137
-0.6885464752803765,3.0065050271954465
-0.47544968626197714,0.9566678593281004
-0.6910277577459506,2.918767518563866
-0.6072168062550621,2.086522196110949
-0.4815940477630487,-0.0614343881062997
-0.4319318521399532,-0.6167869517406911
2.3971558295942557,-0.13826112202338253
2.3681802750169676,0.2987225790610573
2.1550396099044886,0.024394889133912
-0.4380801349732929,-0.5357738739878393
-0.5999502029692824,1.3432131941356429
-0.4485098884933923,-0.3266848688760128
-0.43418397432544154,-0.6264970886176328
-0.4215881903959372,-0.6896697195523425
-0.4537145941538932,-0.5130541501713595
-0.574411822509719,1.476822158033288
-0.44481675752755084,-0.6601460271313259
-0.4370377986523933,-0.6082203849047018
-0.7126282374342373,3.0983870322360976
-0.364947926536985,-0.6183359013281011
-0.4389614966252125,-0.7160496209044145
-0.43115660919599136,-0.5305599610105314
2.344417394775388,-0.019193100247476655
-0.6722806396024686,3.090153008745482
-0.41200097935517793,2.1830683017653287
-0.4101866634312056,-0.5969124050580743
-0.4387651138972848,-0.633148321496097
-0.42054885791976426,-0.6085389899373692
-0.43189983759049727,-0.6447479717293614
-0.40779891922354805,-0.7172360020231553
1.916605063958052,-0.08847355373450343
2.439158731463326,0.2259439367889657
-0.41009019894560955,-0.6654304423918204
-0.451635368699969,-0.6743920255735049
-0.5976270600030842,1.3179372064499735
2.2469693543790945,0.1852699585224935
-0.40679494495056,-0.7111678878888714
-0.4286571192557627,-0.6082810156273327
-0.41353218699965655,-0.6896742943509346
-0.42093760302096817,-0.7174575762113238
-0.4255331054822015,-0.5132549649584062
-0.3843008255792455,-0.6240704253320182
-0.42202022906605824,-0.725906453388923
-0.432668373076429,-0.6877121697043895
-0.4387505769518376,-0.6876412520623726
-0.424151710392715,-0.6966797490469291
-0.4432816928152228,-0.6119519147028337
-0.6463069396553645,1.8312349338072513
-0.39678256871211104,-0.6945521778260793
-0.5650602462916983,3.059309833138967
-0.30248369705669326,-0.5275574660881142
-0.4313864014070128,-0.6738459260331402
2.1225091109743133,1.1197073378693152
-0.207543093308896,-0.6052992853981899
-0.2650054297660735,-0.6280328919632258
-0.4334761988102219,-0.7540655740379668
-0.5015719996354074,2.087951267575191
2.443008804132644,-0.0847837360390961
0.9414746326109725,0.14250708878519255
-0.43014426393827654,-0.5888486686768143
-0.48391104089706843,0.05904279416710405
2.3840746367143595,-0.041317020896709404
-0.42668187916348577,-0.6689944017665815
-0.44039528159831426,-0.6455060552622044
2.143013651593507,0.001881785770655932
0.7604040553197554,-0.056411374244608944
-0.5063866291311018,0.13966102901475028
-0.39947888441143037,-0.7089430162143615
-0.442189923730275,-0.5985681499905238
-0.6090874783236869,1.6124999946316965
-0.4560557692912621,-0.6029025587166962
-0.5712684661557441,1.2304555894542013
-0.43213619246429547,-0.6370534992096744
-0.4380636029756284,-0.6603610469489442
-0.6470456033271771,1.7035140698616849
1.8807662193585093,0.2768403543214339
-0.4141441340969085,-0.7170603666758872
-0.3995195247320391,-0.6316481328509226
-0.41227039140777905,-0.5881839642081694
0.88767856366632,0.18384900569447976
-0.4116169266287423,-0.7040342367944169
-0.6339107592190434,1.5724483450977307
-0.685269010940983,2.433058550017855
2.4233294271142536,-0.11898062131897075
-0.39785967314041415,-0.707923502724173
1.971115307663714,-0.07253084436301425
1.7226295425492202,0.1543089819084316
-0.3995259817678006,-0.6328318064367562
2.333480189381335,-0.0905034468401936
-0.4285343536431391,-0.68514851990103
-0.4392439335220002,-0.6865686182972611
-0.42756155310812205,-0.45983351979992493
-0.4437480625108229,-0.744087786465107
-0.4470167395512669,-0.5662388163342464
-0.4317873519419644,-0.5802989811640143
-0.4461612392781925,-0.45895944036037534
-0.6218481996915012,2.00900373530499
2.1822530581869266,-0.009657021176538678
-0.3725253313204899,-0.3309902472940954
2.1182768958274196,-0.04231625744525143
-0.44197811270541343,-0.6413490450984729
-0.43786573679253155,-0.652378681087605
-0.4375616367093039,-0.6464570775705172
-0.41143249219257333,-0.6169149031556149
-0.21684982946668752,0.11981802227816046
2.418032690910454,0.18262696154110727
0.6338485308428066,1.2933595259460404
-0.44669108849687134,-0.4596288685548177
-0.44652070864747345,0.23045085613479865
-0.44205408812984837,-0.5982009499007745
-0.4408373050511804,-0.707688659565956
-0.4151807930422717,-0.5615544395326427
-0.4294973455059214,-0.6202794933234731
-0.335202234509841,-0.5650725583946705
-0.26430422517357777,2.418588341798463
2.0771445259733436,0.060489132435177735
2.336621693844601,-0.048449715947695975
-0.42860428240886306,-0.7402995468620502
-0.4500651044338263,-0.648856330824388
-0.5229413373399175,0.13577410507454357
-0.43451677377992654,-0.7348406717326929
-0.4353014214408107,-0.66479584316805
-0.41355183131228096,0.08882580446476748
-0.48483213759785915,-0.19340767004732645
-0.4323370688327487,-0.7531004549654504
-0.47390692357781383,-0.5503719203696527
-0.5802702853343026,1.036569163034121
-0.5641231443539534,1.1944010815136972
-0.4338634765564914,-0.5700816529794727
-0.43532340660274216,-0.6550229987276686
-0.4302513189046361,-0.6457064306963756
-0.6760363952778158,2.3595557003334253
-0.4318825342658013,-0.648303832648603
-0.4357034742524414,-0.6573897498386883
2.031047277801168,0.17428830300980222
-0.4333555905015204,-0.7069447695504897
-0.4367503424633431,-0.720726393169266
-0.4305911241944972,-0.6361985042839878
-0.4539589826009391,-0.5711915119427009
-0.44168782868157014,-0.326765693146617
1.8086913150434492,0.04313711994278437
-0.5241466078644779,1.9268852303757589
-0.6153709715870077,0.8827214023647005
-0.44686967273017214,-0.46901498800689523
-0.343068394619803,-0.6396401216383875
-0.44493603489491945,-0.7178632550033623
-0.2990719044025774,-0.5234613742413703
-0.7014779490986963,2.154876646480213
-0.4047423976646488,-0.67890100496287
-0.40446591417445876,-0.6579856403987435
-0.4570890643227198,-0.32436514835076985
-0.4582460678985401,-0.6233291384838482
-0.4501800164574621,-0.6345120200040112
-0.6601966769562054,2.377933502366374
2.382377524236152,0.23250397158326686
-0.36475109133200745,-0.6372612395353879
-0.398008538467275,-0.5894644742633012
1.8662689990969197,0.943321346918709
-0.4386751534847115,-0.6706754103340992
-0.5134058093425005,-0.06863458494823314
2.453042004421892,0.15263602014457048
-0.361281803348753,-0.6701403556681763
-0.3373123016161715,-0.6789857575558551
2.4016701347041938,-0.08024551745186718
2.4517157619792873,0.193881253719099
1.2978086140128309,0.28266511273740924
-0.487341651746055,-0.19601530340130907
2.4864965560483565,0.061963081559948875
-0.41336818111147905,-0.7452833959247884
-0.6920503818544496,2.78923752597955
-0.4718222502719871,-0.5756323980965318
-0.6398868278958527,2.5509993953999266
2.662979637387861,0.31253737810548665
2.445058367761156,-0.11509132513272069
-0.43649035465631053,-0.6254984786904123
-0.42616375756287184,-0.4988354721769148
-0.41633554830146424,-0.6108183201293482
-0.4503075993161869,-0.4566024465227132
2.0949751727555923,-0.04086654168707946
-0.43144466403145343,-0.6866607280426584
-0.43801548745144,-0.5833677737880596
2.696586098148552,0.15753616169961468
-0.4184562738675758,-0.5347503760953844
-0.6187409083605828,0.7051395376904835
2.1544546361430146,0.4443698250136211
-0.4203422870994322,-0.6875728461550391
-0.43054409111624725,-0.6768863115734278
-0.4576236702857891,-0.5108173922693726
-0.43320062692234285,-0.629744727493105
-0.45342949539293337,-0.6098379092399233
1.7053236202442166,0.15983502354656134
-0.43219636847306186,-0.3573782986477035
-0.44161141535586224,-0.7206546895988719
-0.4434774621995823,-0.6300560990457104
-0.44019175150792306,-0.6760601599594896
-0.4338161906651545,-0.6861608092541509
2.4546599095499717,0.048423218740824704
-0.7065016011202968,2.7429768877757157
-0.7433613752275953,1.8641736513501774
-0.43228197505017835,-0.671224852347787
-0.4138820200235589,-0.6587355991126405
-0.5728901231887376,1.0483847304603335
-0.4090404999497793,-0.6784103499571182
-0.46205601713774547,-0.4940180396814761
-0.5016322603533523,0.7480547393054334
-0.3947392294117469,-0.783441483435308
-0.45550142277277533,-0.629446155225851
-0.7073367648322018,2.7900854568662483
0.42927049544913803,-0.27226553627882916
-0.5747613496385224,2.523577135801624
-0.4540036629057433,-0.5302958377981364
-0.5234517352101716,1.2917857237783972
-0.41733844756377053,-0.7090413316693012
1.5477508405017308,-0.03628128771455869
-0.4016666195252645,-0.6854604895995692
0.6005956378192165,0.019275173085012715
2.338856477436759,0.1616707253171788
-0.41748342368666724,-0.7737995125268298
-0.42411944931716783,-0.7613282543833291
-0.4052832020681722,-0.650216743403106
-0.43124119030929614,-0.5984505803255091
-0.646267602423024,0.6045075412771175
-0.4422009139472518,-0.6067745486925729
-0.5463637157335547,1.543968110374927
-0.3605092728093642,-0.3131378390602078
-0.45301544498229884,-0.6173554128593296
-0.4021198521316323,-0.723936466313179
0.7954910079953942,0.06543082625436286
-0.4353192780304164,-0.5543091350390629
-0.6819170742870144,2.67900016329471
-0.40854784530305727,-0.5354069995198278
0.22828491853154378,0.8519084647208461
2.4539796370237523,0.0010830753023680327
-0.45356805634017766,-0.43112542387459923
-0.32404849658615775,-0.4697272421533867
-0.562810582424515,0.08697962219709206
-0.47202276479461525,-0.4539611723038313
-0.43981662688379675,-0.6191387435204451
-0.4498267162893454,-0.4517161582194503
-0.6141013654064912,2.740776393993719
-0.42007257504833534,-0.613882778108857
-0.560202026033399,1.2940314833543822
1.260232011462066,-0.10697766093134388
1.9069148944278902,-0.01699465298224674
-0.7412224028854745,3.145722261127354
-0.4021074227138286,-0.6785439266258992
2.3226818979594963,-0.10827697659247085
-0.43435813507927246,-0.47301647682223497
-0.39872860505305374,-0.6970180062226141
-0.45081564101267413,-0.43584108394067195
2.4937411610632543,0.12170777321064255
-0.7354642413291826,2.6671603793894127
0.9025618906824906,0.17024141765142004
-0.6241896957942603,1.574606165949995
-0.671433332296858,2.646092823439394
-0.6191326678792731,1.6702835335923913
-0.4348930983316929,-0.6952719595920099
-0.40708412591021204,-0.5918773728335389
-0.41101798584419597,-0.7573433885346752
-0.24714053557339,0.7552151099534039
2.531180670065591,0.057161048573977254
0.2131615020988947,-0.3791170744879906
-0.43410148135169263,0.9256363119755459
-0.4506276325147276,-0.5568211747223689
-0.6269939580454633,1.4803301205572745
-0.3931817533091319,-0.7753928722919655
0.4616658736363348,-0.006240349356530966
-0.4335759251143525,-0.6419206217820247
-0.6600448694172567,2.2888909212951822
-0.5514825762672146,2.957016000031975
-0.5724141229927369,1.0103986566791252
-0.43284203686534756,-0.6985419723356139
-0.4244562923718598,-0.7619207230905866
-0.4212562566392297,-0.6508139344452274
-0.4431113690474949,-0.638951057600989
-0.6998126473508438,2.4709013555348287
0.7227388487412191,0.0764136441990875
-0.39257237183854826,-0.4666009621326461
-0.42505605123898116,-0.723945293606235
-0.43605136646298365,-0.6279119450710448
-0.44519319476702396,-0.49792479553708996
-0.4030397961322504,-0.6959943962388843
-0.6826657607763923,1.0975199773324336
1.0702967013830005,-0.09543421716890937
-0.7204852816056405,2.7279751989589323
-0.34042662389346084,-0.519675366260026
-0.45282281220657306,-0.49482742450014683
2.335696053640447,0.0631215406397911
-0.5586901284725274,1.7902016579253286
-0.45987810397804385,-0.5244156643013858
2.3078744539417473,-0.11700845250153781
-0.43935482539690607,-0.5561199923861104
-0.4457077489409623,-0.4910086616763282
1.2161587677315455,0.04043591799578728
-0.42564380117599154,-0.5387440914555268
0.05202511110139165,-0.5108205861713322
-0.3987991529335181,-0.7275711348933023
-0.4411286046300431,-0.5228227208311738
-0.48175001597979894,0.14885799641137173
-0.4241524040287298,-0.5785808555027914
2.2359341489070075,0.2517896453816292
-0.4371227411536011,-0.68999834462028
-0.4464439890893604,-0.1715176871807488
-0.40867134704372254,-0.7271277373273716
-0.44684504052171103,-0.4475705457640022
-0.4329190000873331,-0.6584162431446269
2.2515469151830816,0.15613818066799565
-0.43907010853780826,-0.575504333851299
-0.7142932092280858,2.4824570215245623
-0.4346840906007685,-0.671646581352144
-0.43367666740650535,-0.6274046133648802
0.9544051931318557,0.6863028137314366
-0.4252596256208258,-0.49269726266162384
-0.41743405512197623,-0.5196630375869693
-0.4125401788221296,-0.5691018089388828
-0.41153968586581424,-0.6528715850088886
2.35646066232477,0.13350227563777678
-0.4433905755594846,-0.6677971236610717
2.4002702369875273,0.12233514713889691
-0.43612579304465443,-0.6052269347666551
-0.7214999995355575,2.501488656100196
0.7066682795116663,-0.0158839617646506
0.8542658000665924,0.48382054430684535
2.3706253897295184,0.1657737375899715
-0.4298394241972851,-0.7084492337108904
-0.5099974407787996,1.5830749625147773
-0.4217329692707048,-0.6878859855083734
-0.44229235217976903,-0.40839468921244276
-0.4302419232523538,-0.691882246693856
-0.45194643235988025,-0.47610605153839386
1.76097721138415,0.1190265463554477
-0.43390558005366026,-0.5131925615742347
-0.450018595453586,-0.36301045302379253
0.8886980474818186,-0.016011612903847408
-0.44677627573466744,-0.6775118450091299
-0.6843310778890218,2.2999715918319388
-0.42244359281159405,-0.7423978924384121
-0.29004340689991454,-0.664035471481075
2.3131411510494937,0.17852103607618103
-0.38656900471309075,-0.552094009030993
0.12250017649794313,-0.44044042353045615
-0.4395118595461752,-0.5044616464761964
-0.41858575418799193,-0.5749273335849288
-0.4211995484930998,-0.6960356629152243
-0.4101641267870724,-0.7094535835826696
-0.4161420104651973,-0.6679718143726705
-0.4327609365845826,-0.5547968283273834
1.0272864627227067,0.1405612423016301
-0.4183515130633646,-0.633290465328418
-0.412806185912473,-0.567552625636187
-0.4050198958930806,-0.6039718541522792
-0.41948356898086037,-0.6392713331261053
-0.4073899501050192,-0.510420061502305
-0.4303866854512199,-0.6288434449734808
-0.4291111352625202,-0.587760337791487
-0.4442823632786497,-0.6548221741869962
-0.5548961275089396,0.9832865599032501
-0.45542660573530985,-0.601977655218169
-0.5218477602124284,-0.1336175340879282
-0.43573733094288825,-0.5721869399083415
-0.42737035987500865,-0.7015828008089816
-0.5448506144081121,1.364605413441275
2.3366263033523635,0.7375971837012766
-0.43547528971297195,-0.5714200121337888
2.3447022995319795,0.1343532166813812
-0.7149907144490144,2.769330551209931
-0.4192023341147653,-0.4932405352732292
-0.41986545497880534,-0.6584165516926703
1.8499237953565981,-0.15274479640180422
-0.43284792852716003,-0.7830778604753665
2.0210639397559302,0.24332677423337765
-0.47282918604516927,-0.37010641638323
-0.6755820373820406,2.1363379045899356
2.4764244630955083,-0.03618423774827992
-0.35843428919537135,-0.6264010374078564
-0.4377162829303116,-0.6180615568443857
-0.4682223899968682,-0.5945734522478653
-0.44942173431043214,-0.6906671135413066
-0.4630332660122206,-0.581305494007374
2.1467451558908075,1.1075802411915003
-0.4196975238784788,-0.6704127039720403
-0.47927767182804537,-0.37997552311524174
-0.4548597210144637,3.3255394316237266
-0.42174058955111854,-0.479587752690977
1.4651343792803704,-0.043591132882872745
2.331474737107872,0.24929482432054098
-0.6881602458301508,2.6013801546589232
-0.44181751362954647,-0.6796926780402684
-0.45693743709655826,-0.6121189667898296
-0.45057042746388887,-0.4845163301274214
-0.4574289220762964,-0.5863959328168145
-0.4161561739776246,-0.6344460267270872
-0.42703040364444916,-0.7263991831939367
-0.6036552057894746,2.432953199718692
-0.35241321087879174,-0.5994369996185219
2.4049595070787873,0.00465831117831638
-0.44592029077851525,-0.41022195500850994
-0.4378299746434751,-0.4992834371573587
-0.4445083735839199,-0.6450095389141494
-0.4228741200718799,-0.5737455744375813
0.9507366805177238,0.012207158223606674
2.534574571974807,0.1840954612174169
-0.4128255561884135,-0.5940722574869015
-0.4353095235508814,-0.7169750076584971
-0.4128090302575773,-0.5455477975088989
2.257295582507291,-0.09435692037276215
-0.453623973316978,-0.6532837375826451
-0.44132846253315483,-0.6519479302637822
-0.43827041705350467,-0.5852836027248313
-0.445496125649674,-0.5855080991071893
2.4938013357563746,0.2834404339134806
-0.43550184523397334,-0.7010477191482368
-0.45034015240598807,-0.5959220212889764
-0.4365654770326487,-0.4374018924367799
-0.41885737585676036,-0.7431465329184981
2.04942813754365,0.0506408873065087
-0.43605956095636156,-0.6100133790640031
-0.3673459420540877,-0.684937572064465
0.3824380390457854,-0.5583875179011597
-0.41538045769253784,1.9283611514619456
1.7963807830148184,0.04573753270980616
-0.4154228470833366,-0.4700040410762697
-0.43555306164930885,-0.6657993685883081
-0.24040833902951164,-0.6309150382350932
-0.6414179751243921,0.7287231870367146
-0.4471189494095903,-0.5944395935206329
-0.4198007267401941,-0.5665391364710369
-0.43311284460924987,-0.7398319926981962
-0.43418966694380157,-0.5310307952834685
1.7888289673840776,0.1796596743151789
0.8913088696919628,0.16077349040394856
-0.4134139491439302,-0.700239863820496
0.888836712242858,0.0171052973982372
2.7696636819849885,0.09217280814084321
-0.4309265848104215,-0.7035403291771836
-0.685777318460059,0.8235717694930434
-0.6040077796764486,2.000139954406271
-0.42635582291709473,-0.6823487073471801
-0.6056715290637266,1.5503710348469237
-0.21282629450828275,1.8586415653741215
-0.45852448637418125,-0.5966270823962713
-0.4159809811639026,-0.714684291913672
2.4630654511836116,0.04651239071585437
-0.40634135131236604,-0.6802239208078932
-0.4350669547417472,-0.6418748387043937
-0.42359454780108535,-0.6919564989067711
-0.6304165145720911,2.698866725375809
-0.3337328390597082,-0.6323341606169682
-0.37439976233127137,-0.7025775658402559
-0.4585476595510693,-0.6078599834746209
-0.6899917251616727,2.6242066011497664
-0.3872330456355407,-0.5003381052230507
-0.43518292784591495,-0.6506260338815338
-0.41717100119347833,-0.480121824642307
-0.5785340045857462,1.4415663094947244
2.529777070231327,-0.10611776977707857
2.7978971369047025,0.16172287981848796
-0.47453429660795393,-0.5812849019939259
-0.4577955011565987,-0.4643692501353113
2.3674575631765826,0.05749599959389728
-0.2994952832538894,2.136258751688458
-0.4310191888180277,-0.6690411405545003
-0.4325023789654909,-0.6904865366165852
2.4811708621409547,0.10479048296969057
-0.4257157804631722,-0.7215375438965418
-0.41509805092780006,-0.6607973549558941
-0.4089593584454291,-0.6537384018452109
2.3479291223827476,0.050122133626233634
-0.3663684858564397,-0.5931473030760988
-0.4523001404329055,-0.5562324172192508
-0.4294144277829968,-0.6924701394887457
-0.5782280651418403,1.1229071054930488
-0.5380650509468422,1.9576427765858746
2.2908682041381887,-0.08341589698947731
-0.4742922673951204,-0.5333673599797979
-0.43521809097242514,-0.5537656771441992
-0.40799913619584255,-0.7257178594889443
-0.6081543415900279,2.7304573380742228
-0.45864629682504315,-0.4379331542526579
2.454717073825661,0.2699205931741722
-0.4263230535324988,-0.5551471794591094
-0.7074105905219102,2.9852517894256945
-0.35252711686495414,-0.6946308953225073
-0.45430475023173617,-0.5023255768218404
0.9976394305417916,-0.047237826381962555
2.383182297524111,-0.09151797123121508
-0.4398707686244255,-0.4642611443396193
-0.6744243618210589,2.1112528655429323
0.6378758684099728,0.26536600548270023
-0.4761168272822202,0.844245933549109
-0.4193129452274172,-0.5926588639979657
0.037999154238396046,-0.5740750704750355
-0.4272008686940017,-0.4161515464735003
-0.3964142045634037,-0.6851558135847768
2.4513536766246897,-0.09255148140787732
-0.6367717292371147,2.631711034441735
-0.41603926939332314,-0.583642453409001
-0.45880121400637824,-0.5708558936942301
-0.43069664675382285,-0.7036141362370217
-0.45715018945500213,-0.6162824714036058
-0.45083782214096485,-0.6419420513738264
-0.39126104189998173,-0.7017056882269085
-0.5789549332625892,1.238668318107582
-0.43303587761694695,-0.6238072464590387
1.4243335538617936,0.14481800135546755
-0.4012392307513644,-0.6835050796682428
-0.4338750405874565,-0.4772568073852682
2.432848122251942,0.08251593140892227
-0.4359471594321056,-0.7484484427751836
0.856899236735586,-0.0533544950924979
-0.4378808275967554,-0.7007585577369441
1.2788975465469679,0.056235373188863874
0.016043034523776017,-0.5616044179586168
-0.41226700029526747,-0.7494992728135219
-0.4473641802043082,-0.5918454977395325
-0.7621640553507685,3.020754133117304
-0.40861825266411,-0.6619927203624665
-0.42942633761659443,-0.6290846910184716
-0.4177537997033387,-0.6694840841810112
-0.45544122125155473,-0.4762286005932679
2.470559910748544,0.11705057658470022
-0.6862932897360806,2.329592364379616
-0.4647802220461648,-0.6269324013555947
-0.4531940314407531,-0.7194064857804714
-0.39126383568093653,-0.7322063660152374
-0.4426282838168465,-0.4617733098938806
-0.4424868457654866,-0.6702289881132772
-0.40537131012017374,-0.6784628286778728
-0.4282297858255819,-0.7078901172708804
-0.6829111224033704,2.7917401888576263
-0.430978853305091,-0.6724350402213163
-0.422752067676647,-0.7002957127332985
-0.4264578256109248,-0.5328636212370311
-0.4348435644781112,-0.6315212796550956
-0.39075765049424527,-0.7108174810147762
-0.4338686938935773,-0.6822449987999716
-0.44425611209461746,-0.6336155136472104
-0.42626249881754213,-0.6247212988052979
-0.43955836948881066,-0.6516693265311231
-0.45767176270638055,-0.619257979347146
-0.26569480430348874,-0.562040703608578
1.178210820409011,0.12487252902133333
-0.3025432572649434,-0.6809304601747228
-0.4201259823712453,-0.7887261342922025
-0.43152868131612276,-0.7168719413122013
-0.43946519426544217,-0.6613601403667433
-0.4131693346490793,-0.4952561348804603
-0.4296687742056574,-0.5751768581594109
-0.5796488755968064,1.091608806494202
-0.5921426649563779,2.804145205045223
-0.5744258065131755,1.387297297480541
-0.5889253107325324,1.2279220750207214
-0.4616807515659274,-0.6490135475470902
-0.4299627774912874,-0.6750850380557766
-0.40136419807228846,-0.5622468130167024
-0.5156125110317838,0.0028703843070609926
-0.3943128383890216,-0.632644245553102
-0.4226942434475309,-0.6182006028817069
2.44709464345066,0.004982158167000227
-0.5059520370768408,0.727518449981746
-0.4397774617930043,-0.6510496195006443
-0.42276918579894623,-0.7035167965451324
-0.4248425603221072,-0.4982402795000249
-0.6538615710652939,2.9723830224459755
1.1337237665526259,0.25247535202349497
1.6143704867374393,-0.11130373458991304
-0.43516723352447656,-0.471888138081782
-0.480035014159968,0.5071218441211599
-0.43311723975209604,-0.6882143930757049
-0.42372704530909966,-0.699075055855979
-0.4610744793549992,-0.6866384007926605
0.8193107279177624,0.02367788953120169
-0.4712602387172568,-0.364705104417085
-0.4167461022745687,-0.583370418650061
-0.6759121752449324,2.3028817092156526
-0.45330043605872283,-0.6335060477638348
-0.45761379868577723,-0.5704938905145563
-0.4047599917114273,-0.7437047092248825
-0.44735684866394176,-0.6529742010923782
-0.6553139964036494,3.043800051838171
-0.4706898029929824,-0.5700058244553264
-0.42493848190043965,-0.7631109560613379
1.0628700898130585,0.15941960061180635
-0.43682856553553484,-0.5263677317764901
2.254974028651862,0.27867942259195516
-0.5958646918532233,1.4171348487011275
-0.43427774076952624,-0.6687600964603996
-0.6750642081027394,2.424511013972312
-0.373286590680665,1.9359675812948478
-0.41842933585283704,-0.6704964202064135
-0.4701550945364539,-0.39819240941918077
-0.4500001337821068,-0.5333061740025146
-0.456821250696227,1.7983944629090016
-0.4457666393745062,-0.559882255045706
-0.4248100817180593,-0.6801951805555105
-0.569876854376404,1.839548012305762
-0.4657161527606621,-0.5541414801520222
-0.44763871950301143,-0.5324648589408862
-0.6087496427226166,0.8967912491893907
-0.5603944007559207,1.0309004871483072
-0.4024625091748398,-0.6855490362808642
-0.4335298105241875,-0.6992211908463042
-0.4492821302135047,-0.42067257385463336
-0.44911827900873375,0.13313503584288638
-0.5948503704341872,1.3322748402881825
-0.39051174983619363,-0.6602182266030664
-0.5221538869825023,2.8130430811754152
-0.4348718019837154,-0.324197748835914
-0.4578033975030594,-0.640379446336049
-0.5897527049174534,1.2724689611426705
-0.43485894800168684,-0.681909915672368
-0.4374409637604477,-0.6698300593538858
-0.4556979621570058,-0.4993998445165822
