-0.9560603899990292,-4.884917522140059
21.14209522510249,1.0390997836621079
-3.795900748383977,-6.109193946744186
-4.246824100077226,-2.965922287927218
20.368059995568018,-1.117072556798426
16.416806863072186,4.049346519370957
-6.697239653408305,18.20599936621124
-4.063991544096083,-3.9580647623015723
-4.3938789143752786,-4.151655245545856
21.23976591699103,-0.8986797292785321
-3.9168872380554896,-4.8519795238831
-4.7305160362792416,-2.8055370978706415
22.25325759435754,2.35544743794126
-3.503125001930276,-4.837514155309519
23.367007882228066,0.5912827287600761
-4.238272160010304,-2.83700349301039
-3.171808519339507,17.034651479618063
-3.068540309932916,-4.604058756591614
-4.292184382937919,-3.9322263175575483
-4.12881080489842,-4.4315509299331755
22.0078867510419,2.2977389479616366
-3.5466676691471677,-4.265844328655209
-3.8736900447832934,-3.964671247461011
-5.736518007729704,12.560759435433914
-4.741628045981588,10.606818051226018
-4.266581633757328,-1.8879348731150736
-4.488448022223583,-5.427829321352204
-4.075520878813731,-3.214920636218468
-3.9115255082114677,-4.226523642973577
-4.163212973247022,-2.3177354825256162
-4.341658524048105,-3.76792429175466
-3.305760913835616,-5.060691557098677
-3.4051341826697787,-3.535617721671234
-4.275081722509072,-2.3258940009542015
-3.955125804837772,-2.7430183281931924
-4.965221071263953,9.952931444940635
-4.558743166889405,-1.808662055651282
-3.9007767418811907,-5.469878080710582
-5.309089145845458,3.5085083059602495
-3.961236386933157,-4.434794060697769
-4.527515725655797,-5.386597817020565
-4.058455459307871,-4.331544334108135
-3.9752126639950482,-4.920162640995301
-4.18149641946606,-4.54069008104426
-4.437232590924543,-4.044588703368116
-3.9450197472174153,-4.557064266445341
-4.443495629988929,-4.161643893993767
-4.217426770829564,1.5880749489694024
-3.9833075566097556,-4.5676253551554575
17.473876867553468,0.9557426542007079
-4.07067331986379,-5.64508843177448
-3.8766852508133014,-2.1979132245469657
20.071493010845185,-1.3374792450341155
-3.3555544674773716,-5.250020152791492
-3.240384917285856,-3.982135954007114
-4.821574234615318,12.297560943481304
-6.247853274533248,20.348957609777354
-4.012140782956893,-3.1541082613622864
-3.385323115195451,-2.9660780383333285
19.25564110721053,-1.6795610642425143
-3.6351598066284025,-4.501803310469372
18.433140396231558,8.592100624371767
-1.8043833919400265,4.98365679111468
-3.935246730931543,-3.361414168441549
-3.7326478914582086,-4.342172801386674
16.610664622350356,-0.05105269221323133
-4.289381003820987,-4.142660751084553
-3.9802045147322707,-4.850824600051431
-3.9495713366558545,-5.919757189027365
-4.396476749102141,-2.7129249428035362
-3.9146228353511674,-4.0527567263028565
-4.020339021704862,-5.098339235166083
-3.9938225580245716,-3.57943973567051
-3.7970154881242646,-6.543369717814822
-4.4348219712012735,-2.7880560548681266
-3.8302611053359956,-4.241757640486678
-3.334781449431433,-4.446126828495189
-3.6924598300159426,-4.579081391871632
-3.517164672901481,-3.755678295888902
-6.10521556626429,16.61974753087901
-3.8942509861473225,-2.0022961748688854
-4.033082577730289,-1.9495629340069558
-3.3809932833603,-4.303998687230041
-3.2901083358163574,-2.526864862875746
-3.5368793077367076,2.4113023848614357
-2.708512000582776,-3.8911011574263674
16.105344960000938,1.1844454940548774
-3.9814055809201365,-5.748930020663592
-3.1441839439681942,-4.576217580127875
-5.959771323805124,14.438764967953865
-3.739937565729736,-5.6364388823008005
-4.2376242085940845,-2.607455106782054
-4.314014307016562,-4.314792774173549
-5.249148188522232,11.716029131842808
-3.8276477821466015,-0.807873728090951
-4.502614440253615,-3.354929932371462
9.216584136011218,3.4819843219611784
-4.282116010714884,-3.552477296372809
-5.847426307524065,15.200003011036944
-3.3312193551311613,-5.562226719679034
-3.947388933126321,-5.961827161021024
12.079192740590477,3.3135065292578885
-4.34600301946559,-2.598165701896075
-3.5662240939234855,-3.637058041417058
-3.9289149002392,-5.090634405729586
-3.7128063634953965,-4.372347308203706
-4.341371370220732,-3.86693224632211
-3.7939700067751327,-4.818988308767152
-3.3640789734034975,-5.142462694195666
-3.9727257972997156,-3.053158841162541
-3.7262683818860154,-3.2893909577877554
-4.99966390502855,-4.005866383086027
-3.846329031449882,-5.040752101389235
-4.542716550014929,-4.220793412183206
22.321230719688028,1.9321118829135893
-4.366518856897725,-4.6955722744361825
-4.92732580565419,8.676158643955773
21.138264916655228,2.849428717194615
-3.417001241036131,-4.493018987588585
-2.62677658930785,-4.926191889950647
-4.261442416346994,-4.273948860543365
-3.609728768805238,-4.98837845213332
-4.01864880103517,-2.2289519447060884
-3.2787329882512646,-3.6768534304501017
-4.737446247186742,-5.436572128824867
-4.773263439906207,9.482750761148806
-3.7681477294561474,-3.891706465802712
-3.6215734386527934,-5.441532416139449
-3.735977237601561,-4.614690461298509
20.474051714792466,-1.6427284765523646
21.874120748069686,2.2169880195304934
12.895439697347246,1.1744222153677408
-3.509814981524533,-4.655804621800225
-3.8018783251172743,-4.6643298743155075
-3.4876700801599143,-3.5263221565051013
-5.5829209107930575,13.949537932793216
-3.872397184705578,-4.396320865648802
-4.071370655423237,-4.631831197621764
-3.756582019540545,-4.646450037096797
-4.01796814414396,-4.211619075975758
-6.373881908818548,16.010772226845187
-2.9695443482131,-3.844327431250564
-3.2862809811365365,-6.33911483119435
-4.780272881776458,3.3905608730017116
-4.005242051170041,-2.7852585803863072
10.883928594285358,2.6582184965362994
-4.0471908177795175,-4.344223379625828
-4.917953546399914,9.29786479174311
-3.585897793492826,-4.595510194563969
-4.344589885312245,-2.3023657978435947
-6.339300953644021,5.315531654532791
-3.6190205739864387,-4.458064627669053
-4.27088217389535,-1.811244308097657
-2.9621740245717167,-5.327809658873312
-3.912684180297854,-2.7157071614461747
16.123097068289052,3.526658781709449
19.2284588469851,3.27518310180469
14.858834876190736,-2.5748434763911785
-4.4879139498472655,-2.5775655380150795
-4.224015070825352,0.11514403450043847
-5.27076681393646,10.172459650952538
19.206953914403254,3.7209955022025043
-4.4660159879805,5.246471329034584
-3.8096477025703104,-3.422669985575265
20.17931588245717,3.1919403485690303
-3.506862329437813,-4.514112997247397
-3.132096746322564,-4.140709779471575
-3.837275397687993,-4.567300506711661
-4.7063069914630375,-3.017364165035936
-3.917363047699448,-4.467147805497974
-6.423676172616171,18.34709796601582
-3.864927019095558,-4.795937998291963
-3.9279715407566234,-4.015909199781542
19.818258473427637,3.176753063372492
-3.635736298133488,-4.786093751016539
-4.0192350388267775,-1.7377014471146401
17.396265460291964,4.737285034617328
20.256959532452495,1.0869297257078496
-3.8334638114372797,-3.9052845536673426
-4.145230470601108,-4.212052557589104
-3.5677030235449436,-4.865086949084047
-5.555484320703686,16.97141745315393
13.017029384504305,2.6800493724961094
-3.756577282022419,-3.6247951206952354
-3.6310512584228603,-4.718004001891967
-4.312695872492346,-0.9940182799229498
-3.1975682049529586,-3.511783269659476
-4.207236105436998,-4.795928350103345
17.310701236045755,2.9839644570110675
-5.246250820286134,10.594073094302205
-3.039767195588639,-4.381422096141926
-3.441060650414314,-5.501536827543442
-6.055379902585118,17.733592555508533
19.422770694855526,6.015717188523859
-3.627609101519949,-3.1328134392382827
-5.31449169260655,18.303484072288008
-3.949568442056681,-5.293830766910668
3.169954920141516,12.980712752736832
-3.655531295249406,-5.322035477257123
-4.07597639803617,-2.2621948846291717
-4.1027484810782076,1.79547008630023
21.605797251967612,0.4670372068021881
-5.735641425669086,19.19829605705389
16.643807542137186,1.1980128025132015
-3.583023290302931,-4.69607839038812
-4.256990028018094,-2.6330763447275034
-3.4986151384981006,-6.009829395855253
-3.4217474282847458,-3.8848582010758967
-4.0839554750606375,-5.311281567504146
-4.992880188829175,11.12565992166521
-5.926568021507593,12.331862610805771
-6.562996281243383,21.261381640536694
-4.165526943936388,-3.478234312715971
15.519737606223718,-2.190675214208017
21.39630665116071,0.6195029149588055
-4.113920403549304,-5.158085201143591
-3.4146542161184255,-4.745203756893567
-4.319873585561119,-2.291690752615724
20.97123993446673,-0.09312211687119573
-3.1650922435836573,-4.464301043738613
23.108094768473222,0.8703241568350863
-4.600573219082406,-3.726899141481746
-3.6311081676445416,-3.8623396698209285
-5.121982987767832,8.44274381469553
-3.5851730221983082,-4.019606763113412
-3.7993685922841616,-2.588849789132714
-5.217406238899771,12.911607459331869
11.679490028994538,2.9463841488945786
-3.759907577708931,-4.419522575359167
-3.5210508213284277,-4.863951698390519
-3.5627725181747696,-4.75663989803803
21.14294891728941,1.2912863430904982
13.03280556697801,3.183054357832001
-3.5584416183813468,-5.044263615897465
-3.473171018022357,-5.349103971096849
-5.841420102073124,15.975732637724835
19.743836860917718,4.032679593489686
-3.7737269911525138,-0.9131061059925741
-3.67453284739724,-3.341700243109728
-3.850581745307275,-4.445011790967085
-3.788438175379191,-4.502037679576509
-3.9853812652763048,-0.8491933077039414
-4.110903510484134,-5.33500719679444
-3.7240254982867045,-3.694965306916103
-4.191472232561072,18.947588647455998
-3.7330900151970923,-5.400856457192
-4.039389448422377,-3.0046182921024625
-4.038964595056594,-6.133449321608697
-3.3582451400417206,-4.779895500621554
-3.4197373641228825,-4.600321651932111
-1.3892979398675935,-3.9617761335440407
10.179921466153973,0.5227082879596301
-3.749501473473487,-3.5439229705813373
-4.19528402845801,-5.064224204329018
-3.6244342955890705,-5.439681585557747
-4.062852424498757,-4.597010668612159
-4.07127055321344,-4.268788678160683
-4.181493102206147,-4.89293813526897
-3.712248758051951,-4.745209259302843
11.944078256644762,2.277189110716618
20.83004322763514,0.07052636061911702
-5.187928524513253,10.647960535574729
20.30942135935099,-1.5623251401113196
-4.22732067560974,-3.9415218644448644
-4.046781487747086,-6.504178989051293
21.357839691313462,0.5217063896068673
-3.9097813161894974,-3.611443957955154
-3.9578006264809935,-4.8056001790325045
-6.705553648328043,16.336858742688882
-3.081573068984871,-4.110081177767899
-5.299896539145432,10.199104301701972
-4.1773558721953385,-3.7573719526617597
-3.6177138217815106,-2.7172511242070665
20.322936647125438,-0.9242193058383589
-3.416284560379969,-3.3057113892357375
-3.789272680067402,-4.531759886927627
16.568036262438646,0.09266649661489518
-4.013156786747019,-3.6000935050939904
-3.6323133301603474,-3.2586336594434577
-3.5459289035130412,-2.958030806612356
-3.5541179140714347,-4.978634542734011
-2.8774595229747257,-5.078793222315194
-4.107473206984305,-4.861693540965578
16.582377727237105,3.050344810038129
-3.9335312416717785,-1.7413017576907335
-3.8591170731548106,-4.036523514222911
-4.041188634839056,-3.9948042149062553
11.91230651649418,2.3947934290693373
16.036758876087088,-0.9992092769930083
-4.327571200246959,-3.4625337528154763
-3.967516753893926,-1.588472080758382
-3.6555393765170865,-4.994299823593512
-3.9350686947853144,-5.049268963354173
-4.682559891657253,-3.979245846502782
-3.9153541767987075,-5.9534306676502755
12.023329623501809,2.4257755305347306
-3.3999654368148042,-4.540193321787091
-3.9038529471700074,-5.987435573534277
14.458788478588934,-0.6373146270524549
7.247968305087483,4.3703849344147905
-4.587814031226863,9.836607344551895
20.346598407463972,2.161472356255094
-3.6447403764382744,-4.24011683731797
-3.506701323678625,-4.956576922088516
-3.4666563227214153,-3.3730180788152446
16.224885863501957,2.3772146903220333
-4.556366936157856,22.13298354015872
20.28266010195461,-0.035339096222745794
-3.8303774590642368,-4.930616233740758
-4.795017049602434,10.560970325872573
15.847578425578547,3.7012395539150984
-4.168647792229314,-5.933393827179675
-5.09630533886524,8.875742501811395
-3.623510452773264,-1.5373852931011853
-2.980677905860079,-5.790034981819987
-3.9683393756255256,-3.3707193812001846
-4.188369454248097,12.376531836820345
-3.5150655148095975,-4.279015409940813
-4.038598145236666,-1.9652564885081207
20.510192521038153,1.480907810722298
-3.732365854790981,-4.438112791266234
-4.6497235338944,-5.812005279446589
17.696403696567742,1.3995691725432167
19.462805378912943,0.9909297256707201
-3.938893913039415,-2.0351522860393767
-3.8375385857647784,-3.5402720622535444
-4.4738153667909515,-3.965803930723362
-3.212983774463258,-4.943935355422113
21.682403975697547,1.4035363518244863
-1.0353489021626932,-4.7326382687747754
20.162859191106996,3.821499445163314
-3.732245803449857,-3.555859079362755
-3.5935134395535866,-4.218373530352921
-3.938738978839118,-3.2112864231891884
-3.3837596247460144,-3.5722195098752376
-3.9987078462038803,-2.9350257120215737
-5.546113949052048,5.497099762058655
-4.216346940692234,-2.402444862941373
-3.6051862715773613,-4.010417063449455
-3.8387931715932813,-5.0447429548990215
19.526928509222692,-1.360374548863057
-3.71651571311647,-3.9602241510464253
19.79552157517533,0.8711670020854829
-3.3068251322327327,-5.378676293735467
-3.497098023998295,-4.927596371602634
20.147084455936632,-1.4428567012816524
-4.108829421276786,-1.216070710494805
-3.9228081939949924,-4.817243754702417
-3.003646754772542,-4.6706248577564535
-3.4591305002379236,-5.5680118137200845
-3.8467573791624,-6.052777577363599
15.253267640396333,-0.14331079689260434
-3.7524162972672155,0.18377433335882992
11.401736779695637,3.274008680453289
-4.479886785665186,1.7719011786699201
-3.704946644918086,-4.4330796009880755
-4.145211908234642,-4.413994304525027
12.464090249035202,1.8551711138819422
-4.023907543658715,-5.4285761917948845
-5.750080034312346,15.038673483034014
-3.952340893449646,-3.966151972090486
-5.14629049875064,11.494366999006642
-4.060345646319144,14.979565827403995
-3.093353632543503,-5.243123076653815
22.949405283227144,-0.1454482534549642
-3.9622389374114877,-4.427923074454941
-5.01829193268678,10.097623406270609
18.11276949179434,-0.516585845122458
13.128743425320645,2.473987765617607
-4.224653149896371,-4.628475297200332
-4.353696755858497,-4.671181618040253
15.370833651925555,-0.5284423507316167
-4.119654434592404,-4.864767362013441
12.353872172457098,2.8505792093329587
-3.7084015836606694,-3.6480551778706385
-3.4913501549975567,-4.75266474217892
18.54840918989392,1.481900310881048
-6.932330559668004,17.863518219382158
21.767139812057547,-0.22489598422001944
-3.8577510098075116,-4.47860406720771
-3.566161411105732,-3.111424657134748
-3.612749864159113,-3.2881057728987453
-3.616626236636111,-4.3526145752279986
-4.342961414629906,-4.573166552905181
-7.422208206959183,19.727242243613617
-1.8445614177408716,16.391827130485062
-4.210456698522456,-5.929091283219345
-4.392979968067245,-3.8231248294651716
20.355344954869995,1.5993461721099809
-3.6323462554771466,-3.744403999639312
-4.341312181161781,-3.86997931672796
18.34155354143036,4.016128445147471
-3.697805599360948,-3.850596910859295
-5.502304236161441,11.426619813040286
-5.801969016061675,15.86193348521944
-3.8290836012178797,-6.285114713316884
19.807070293253343,1.01088098048586
-4.121450497920674,-2.194945741247814
-3.8705372764862247,-2.074098747282959
17.24677882691114,0.005368211583468119
8.939448300963424,3.976800602276539
-3.3369198903625112,-4.383214894516646
-4.0427489840334125,-3.9617812542362287
-5.178932363094139,11.603634989535683
-3.606657364175267,-4.661991134789116
-4.495644567382521,-4.233284007362318
-6.075671790681549,17.084001492681278
-4.061144312143121,-3.6470431213411043
-2.5696103761995146,-4.955430450962936
-3.264911551767209,-2.7479019997256606
-5.871859585193301,13.622343583146225
-3.6056177969192724,-3.8064770713572282
-4.7817339542233395,14.352195830445481
-3.45069568619762,-2.396968910389886
18.37637926094147,-2.020036090797952
-2.7545594331470498,-4.9169689418316835
-3.2300058892506036,-4.610767626252628
15.49522624027621,-1.5737721670418119
-5.725489382497636,16.589250342087144
-6.500981301038468,17.132613804329836
-3.9150157511405816,-2.4700478620870245
-3.6818438968310825,-1.5250354599005105
-3.923626834553081,-6.124300059801671
20.827491371642285,-1.1928089813149456
-3.8795896641156795,-5.515481733844286
-3.72094858216395,-2.512868158111505
-3.988056683866561,-4.196240559187549
-5.319701106649174,14.066525928730117
-3.9558686227130107,-2.8056362261870507
-3.3084238805908393,-4.992029979362338
-5.2670565012666275,6.347107735091607
-3.8746025367017856,-4.128525168245295
-3.3300343172710667,-5.3252492744903615
19.873699591222717,2.7178010112857467
-5.535554898510377,11.943987519980015
-3.7451618156731357,-4.593311953106558
20.791793048959754,0.5521635068875221
-3.8742546766315944,-4.148872501767588
-4.577349069498429,-4.588835500791014
-4.15699564212698,-3.2068849702963327
-4.22981648261587,-2.764798534195603
-3.9352654747694404,-3.714461741199703
8.812311448117065,3.00034217848665
-3.783075940525502,-2.9882498479327344
-2.6388680761553323,7.590013439190733
-6.135516178607092,17.166534421009136
-3.624131537586785,-4.897562597026731
-5.276770519556908,12.191311427956716
-6.700466686818148,17.849929850958596
-5.076948384867114,10.202691846454128
-3.4973604700240153,-5.027475644492274
-6.167922966136426,4.9307459316359035
-5.227403404444978,12.786296747890919
-3.7056824287049372,-4.503560366629267
-2.963999136468829,-4.803241029615884
-3.912384955625729,-4.284322562484746
-5.524172750693035,13.509277894779219
17.02161386025547,-1.449026701511026
-4.182111912386291,-3.0707573594651802
-4.627302937693091,-2.982304436927925
-3.6789617629830484,-5.722078646200362
-3.0529757512124776,-6.171481025975369
-5.448605905628626,6.715406452054261
-5.574709303463381,13.56473949098645
20.44908990188683,-1.2015472720901785
-4.071903226608379,-4.010123710434411
-3.9159491942316427,-1.5715210073240986
-4.014010585589376,-6.135614805852326
-3.809186991908437,-4.920064459487487
-3.976403455209762,-4.278424690156091
-3.5704400142702077,-4.662656599817425
-4.0137697787520805,-4.0774919780158525
-6.246976968288957,18.463378288226533
-2.9828798021728247,-4.785661441718988
-3.666818593588378,8.29161192922407
0.3037003285810605,2.225629645248395
20.302193251353117,0.41983799914170356
15.941226573815307,1.6310862897738458
21.213881060277902,0.3539564335634781
-3.9899752201283256,-4.89735519215565
-3.9139345949955517,-3.4972203700689803
11.130607929729363,4.092289654441527
-5.219357353178172,9.768660591099676
-4.105158063605904,-2.0199836288894533
-3.2994860700670423,-3.419762176201127
-4.122125807384793,-5.4171440974321445
-4.010687189487903,-5.298401382241797
-4.118212407813828,-2.4954709805240403
19.461413193388164,-1.434930412607688
-5.184685555241131,10.000022082699765
14.844909460651213,3.1576680974720848
-4.071861679353343,-4.996610021372847
-4.265841842557411,-2.8471809099369354
13.12941826341211,2.190958339530652
-5.738507828299651,14.110224782439733
-5.973797104304193,16.436811378222064
-4.178563626262959,-2.7827385598270418
18.18755851302539,4.176725328944881
19.68848189011985,-0.9231772136652977
-3.237560373740099,-5.623250048572649
-3.8647733886524733,-4.557663479647331
-5.359514250412808,5.9146457493319975
-3.931653707318552,-2.9985384978585903
-4.373984471661325,-3.7994923693446507
19.990487300163668,2.373572239493975
-4.239837875998389,-4.744161550396119
-6.228497909843452,21.627257288247094
-2.7819759960369232,-5.198519208030855
-3.237150821200077,-3.0911033989145444
-4.224048501783557,-4.386963897553437
22.102628840162946,1.7086152773755567
-5.182830505685419,12.355536761779383
11.371815079146675,1.3705491209278857
-3.7735580813830247,-2.4016132696909835
-6.174330798242075,17.66333062503949
-2.9352773160470864,-5.00700266474042
-3.519574136792416,-5.588409423509615
-6.3668520921661695,17.298687665584993
-3.7010263052634045,-4.316854175564811
8.688387486135538,3.4567836380681727
-4.222272042722192,-3.1281370723133497
-4.503411066282748,-1.6142806037614974
-4.33565270187012,-3.8708659878154155
-2.8843083742523574,-6.148679872796028
-2.6231840062659333,-4.537242927070982
-4.17271762314746,-3.612631729405268
-5.267637454027139,12.522172949261932
-2.321023962813445,14.291436503801943
-3.248727258953566,-4.796611779227073
-2.940280290426673,-5.317140804246598
-4.227829185245976,-4.169662577418289
14.330971843870431,5.304199070987677
-6.114328180388258,16.55483282309859
-3.6289814737770394,-4.6624740873174515
-4.1497103540573965,-4.171571500022831
15.407192399761458,-1.0260513773489306
-3.9693193244220315,-4.591506322522294
-3.2227787530060654,-5.010106182072155
-4.497635044732026,-2.6531726506575724
19.539922056395252,1.007532913254944
10.653806905132017,2.478768627480798
23.37828960888293,1.3258851496316866
-4.416050059615434,-4.891033460808688
-3.6169140871226233,-3.0885607156719117
-3.7735142754900015,-3.1751737193680936
-4.285463199655972,-1.8582875983961398
-4.016115703224724,-3.4481498408437807
-3.8423811516446573,-4.886096702429569
-4.836202360621114,0.597859874204076
-3.4217497636889114,-5.933037047432874
-3.576624843029975,-5.297204591708665
20.15446472187419,-1.1247094347951863
-4.06545188287531,-2.1924259227576863
-3.945847191538941,-1.93819534573738
-4.058425270382705,-2.86693019444028
-4.1558077506679965,-3.7359106188436217
-3.995526719550229,-4.85985402411225
-3.6139151009059938,-4.683521897448629
-4.851930704597292,4.977402459515452
-3.3905692842710824,-4.922373405590511
-4.240033663582267,-3.4337712366352307
10.278661732100531,3.124293425932283
8.233589182982213,0.4512868637466351
-4.183384683695587,-4.473431184798405
21.56045488326825,0.6881753427928315
-6.092180386031504,14.897620692773677
-3.2830194793236545,-4.79974148840646
-5.522349977706716,11.347929318711993
-4.105723410598889,-4.2220710177270435
21.00477202825867,-1.2884209343653035
-2.9926308723797277,-6.509713361499451
-3.8325282861881487,-4.105838673426439
-4.125151236608933,-3.501083461774398
-3.5245443165069257,-4.758007140657376
-3.6867351586977266,17.85453705736374
-4.070044458328303,-4.277997987132009
-3.9858867036711763,-6.134530132035298
19.534608935290024,-1.7838368841571974
-4.027156553943298,-5.1707208195539565
-3.6703663803741113,-4.607236689942363
-3.677595995985973,-4.649719566478657
-3.098383625263607,-5.192366984398209
16.536253895526933,0.47402855155197926
-6.219752318070895,12.812536532235226
-4.640494589392488,-4.365087273384939
-3.7970147298285704,-3.7385005651236587
-4.028428992816259,-5.858641830142597
-1.0077597389691302,14.948262881935392
-3.69911793652624,-3.635834601785876
16.227559262672234,3.7303260642832825
-4.104929155126669,-1.2342868702740697
20.613726426967688,0.2142129644478934
-3.777050529903218,-4.235949238985875
23.222141984002995,2.253823553844658
-3.3535046008597953,-5.1457445876593
-2.9235649763866483,-4.958757849978185
-4.509088844149139,-4.052279333916328
20.68786675768823,1.854475014424044
18.184069262115862,3.400797017212533
-4.127489500150254,-4.034695907305535
-3.816446830887666,-5.294695657368646
-3.8859827806969776,-0.9725442735017793
-5.12978508031337,9.989751996743202
-3.1969332070958107,-5.067315443262387
-4.956410106262813,-2.27936824109201
-3.0368180969969036,-3.714755655812397
-3.499845214305975,-6.63166342889287
-3.61173705527282,-4.670834660977992
-3.9666393867092946,-6.152032278747754
-3.832402017985059,-2.348960798659498
-6.557946084346663,18.334759242929053
-3.4584950154555596,2.5603955740658764
20.88780131740777,2.30402544822448
-3.337148918084314,-4.677506585448646
20.69953802265087,-1.7140701339592561
18.384773592709912,1.6698202434420657
20.8552291623849,0.6520999200586127
-2.742887726629412,21.214936081761095
-4.178716183583936,-4.185891549729542
-3.052950128444043,-5.098014829573594
20.69088659775193,0.2644148324762385
20.20016122853554,3.6010565388589093
-6.110467489641919,16.153784872361747
-3.674777488535834,-5.040408150192464
-4.202591788985605,-5.665763171406286
-4.367476197768631,-3.6341967256950216
-3.659553666513402,-4.534732024748442
-4.339805093172822,-4.341402099051491
-2.857634453952017,-3.9929520832378538
20.961120956903333,0.3296020444820926
-3.9565486134575734,-5.162664170937576
-4.316167538487038,-2.0231345888180146
-4.248341707641392,-5.372377590323919
-4.21120950317994,-3.0936812031780083
-3.337853802989904,-3.5596308781454375
-3.846062104709688,-4.171761808580437
19.657026771287104,1.7495648101893966
-6.682216624250454,19.049683028308532
-3.4977188917707847,-4.362250758912591
22.80012693547316,0.9567570002779023
-4.251714357060063,-4.128488270041058
-3.5000180416097137,-5.026868175165857
-3.7149097702618517,-4.492746543247695
18.99733825509233,0.5672224065000333
-3.6302600570764807,-2.831968124390276
-4.2393582347500836,-3.7338708689994613
13.793095543361947,3.112397036012809
-4.878090191760513,7.2661131697538455
-4.107972315955322,-3.999932751227795
18.091469501346527,0.0932442231467957
12.611879570544946,1.9113828572280491
-4.1808364145298125,-5.2954497149839455
-4.854738053104923,4.931808435478542
23.128205483139062,0.5346881585171358
-6.702088694419003,19.52172237669725
-3.8142464685311332,-5.047516874216576
-3.9857686124647804,-4.685698971992401
-3.082885405924849,-3.910638591405758
-3.893714459867258,-3.9185818957262657
12.19610266570041,1.4408426275559683
-6.2987461533189135,15.194619775048732
-5.735683885953824,17.141562459121477
-3.5083986019201965,-4.689171249528397
-7.250576421274889,19.97254596594589
-3.996534043613073,-4.393799900121551
-4.310951223403958,-3.7555025133641897
-3.7953376450337655,-4.95890946472444
-3.1471095836577887,-4.815994298150131
-3.6220009642049322,-3.700667210251278
-3.9354439979549425,-4.519834135705584
-3.5923894869334947,-4.008673069821747
-3.1109451818231104,-4.699949691917967
8.324870467517542,7.8075238192264225
-3.652346101274817,-4.548403583179538
-4.113046346772568,-4.799914654436295
13.72534070833468,1.5368852254171659
20.938864291020902,0.4977292648668087
-6.017954055396481,17.333312366574845
-6.486661929340276,18.741137891914356
-3.8086158126175564,-2.205686730270825
-6.212311118855701,18.860931411941568
-5.647463153571839,12.560557942780864
-4.2304171489127755,-6.232106050444495
-4.374529251954611,-4.492319019195926
-3.84029472460996,-4.421217085422824
-3.3471619865105704,-4.498410728376155
-3.53344930389429,-3.92784232466909
-3.7748745064635405,-3.4244305473634467
-2.8963341358561117,9.468043551492151
-4.33988950957823,-0.8404576182831138
11.735856422718241,1.841750705869135
-4.09100089716096,-3.245980035516265
-4.1333479072060895,-3.2307258041921325
-4.561806323005062,4.462131515474169
-6.168547939086509,16.011928408165492
-5.896768566021387,19.125665639959273
-3.974156204159938,-4.692558684312932
13.400334030056465,1.4325597340600214
-5.844389428921391,13.49692458222314
-3.003840755378404,-5.8300801588651305
-4.004391633891708,-2.593806937271604
-5.756485963997194,14.524154309352705
-4.449298916574352,-3.456201044680176
-5.1723464194036906,2.2066728063017913
-4.23889015398492,1.3029816761359458
-5.619011752796668,10.031449599545702
-3.7115341315144468,-3.331765637208893
-2.974883484716247,6.559847638052295
-4.203028288430711,-2.55584381159434
20.3284752345137,2.88439965555317
-4.023406871473421,-6.181814840380647
-5.3623732985093655,13.209064325889022
16.973773779606834,0.34697448166806966
-3.446268328531108,-3.8047797046549707
-3.7748225592893982,-5.906904547683283
-4.1510761837927905,-3.751000248796112
-3.828533348453882,-3.665935294113013
-4.136262548283157,-2.6298431662837594
-3.077189316634217,-3.625133207917624
-4.050845154179959,-3.9519077698344462
-3.120192219893924,-3.6487829638875136
-4.217930807369314,-2.6126951899296156
-3.3380244000988935,-4.293460867165045
-4.135445690763634,-3.6782631770934646
-2.852090258987135,-3.2893376615158134
-5.8266922514096535,15.697490788920371
-4.162776261973806,-0.8294500704238585
-5.4497238185140136,12.766422603754986
-3.6112874309462133,-4.6192384746110955
-4.294054593547638,-2.155613932121484
9.792475955560292,1.6526616811843637
-4.307236303576406,-5.390675490771067
-4.219830166466072,-2.772535849217802
20.239730408108187,1.2036386145225457
-3.472302209625034,-4.0702702580300505
-3.2895815521606173,-4.599054612111174
-4.118753473981267,-4.098353523081739
23.006117703464046,0.4134760296888655
-4.030010247270708,-4.156465974984781
-4.122532180790019,-2.0328256075579443
-3.882348996839293,-5.621461234600383
-6.145870279220422,17.97279663272966
-4.05763254592119,-3.9115407546239105
14.011661309613714,1.8591608856604123
-4.182226933102202,-3.375563357787064
-3.452967447986676,-3.288514779615673
-3.9744049251871147,-2.136711844208908
-4.0960055058435465,-4.404644901805457
20.625973997024197,-1.528101901515549
-4.207318897850799,1.6382123491055336
-3.874073461395731,-4.9260769342715305
-3.677312013908354,-4.492540482080096
-4.262163309294336,-4.119381597189279
16.108123465826573,7.36300247271225
-3.6089146827549716,-5.060914737079992
-3.7884610253303124,-3.3036599929061388
-4.05100268361637,-5.1137535677873105
-4.621490643077677,10.939354767298264
-3.9496036502290197,-4.33799261716793
-5.561582710933925,12.397023642873329
-5.83697280149972,10.891905471207457
-4.5964243126840225,6.759884046065607
21.476938838743575,-0.7808789634165817
-3.7868811919052514,-2.9116440932009287
-4.094408738680657,-5.071274738586948
-3.7783428117132436,-4.134053368079752
-6.146293072945914,18.534983785705172
-3.2992714904254195,-4.318098089755909
-3.7707956172893526,-4.248242649997445
-3.9991346619924055,0.7118210616517682
-4.170807887374343,-3.754893298019401
-5.077261123252584,11.402574621248192
-3.741342341096258,-4.728031364180367
-3.2305032769086734,-4.902102969069174
-2.812613790540446,-5.014974577786249
-4.223836299817843,-5.091821825265271
-4.225549911656014,-0.7321001432638803
-3.6018698600170826,-3.8560686844323504
-3.460334304992414,-4.16432808302557
-3.3104173589500943,-4.871302540238641
11.831526433969493,1.1336418307801404
-3.399501389036291,-4.537843941685408
12.0451592650087,2.2236758453073806
-3.9905880264702724,-3.4884177708858903
-6.351819868226801,14.377303876504138
-5.268498857845551,5.168158388268613
11.998847083391235,1.802576021306794
-3.268471917015467,-5.388284794586465
-6.387378503210117,17.548311106315968
-3.861121831920552,-2.364808284163023
-3.824224556724504,-4.359301879430352
-3.371243568999017,-4.644140527071473
11.267830634243563,2.0795265668332696
-3.8963073203375127,-6.395083420111911
-4.22262192333383,-3.1135150171840635
22.023241960829168,1.1949625314260222
21.143326528799708,3.6870745793764055
-4.8072826292007385,-4.343171980056423
-5.5698855423027185,5.926941025260399
-3.3436320578856784,-3.282630922611406
21.263772109617232,0.695905674486761
-4.337856855156184,-0.7766578917999134
-4.025810112572921,-4.0802624316891105
-5.031654512583748,10.654086532637477
-4.936735354445176,8.404777979721263
-3.575878322219096,-3.018848981039504
-3.3935154646768515,-3.396639746429405
-6.549639221182899,19.119283869290726
-3.055794008398884,-4.411330327165676
-6.230061305008077,20.458665574415086
-2.82797198580899,-5.3620942666883336
-2.8254624272161175,-4.851390589197077
-4.345328913777098,-4.0906922855635335
-2.9265792512799305,-4.28222221698446
22.667776919705293,1.1777815778255873
11.0900707953237,3.1323492545669853
21.553524802912147,1.6080250748569924
-4.307461331940162,-1.9650195551681962
-4.45646370553889,-0.2176200138929495
-3.776051188030223,-4.246742109679894
21.054904873884546,1.2293621053598256
21.475480471891252,2.8865158860804994
-3.8142680079248183,-3.7335314457890725
-4.223189907857035,-4.334024263292715
14.366422342183453,-1.2534721799812751
-3.629134647514875,-4.3600589323257175
20.447421744149707,-1.114850866559958
20.71390273164751,0.7251379838539891
-4.1443569373759,-3.6862719803690323
-3.685940023432932,-4.326217812068761
-4.2432478767268265,-2.025719486759273
-4.174966321754704,-3.458312157020873
-4.26921448320826,-4.911484705155921
-4.066887351908921,-4.519128306648955
-3.724137226511966,-4.580412807271576
-3.714025483903026,-6.2208437049893766
-5.916067521589312,5.729885231044998
-3.847220199206491,-4.58650059594173
21.766468652421516,0.33073331445473164
-5.412854038683169,11.388565773997888
20.085183084661544,-1.5554827378127054
13.377667804498616,1.5630121692780765
0.3212996394269414,-1.779592212603503
14.439523344409212,-1.001612683406124
-3.3688510370876767,-2.8163852552965274
-3.8890235859164854,-1.8089493356621484
-3.6110534809827826,-3.846474999256132
-3.6058229516096425,-5.062754961070585
-3.5490975029488023,-4.1204327493011
-4.213434700705713,-3.9136164353639096
13.044858315289769,5.07085726533603
-3.825620218031633,-2.616063989907624
-4.1759465811693826,-1.9995376440397101
20.68802752945993,0.5123720476340101
-4.483212854383059,-4.552214556389066
-4.516182308749554,9.654070734208084
-3.6096904338553824,-4.837554275454081
-3.5373525435966804,15.009763936248472
-4.226566185679786,-3.107126924107698
-3.846558309057147,-4.724043950776581
-4.2921434851478235,-2.2811456316366487
-3.655764898384417,-6.159359119334254
-4.214803162698337,-1.5950165981767639
-5.50451591391708,11.64168011055444
-3.5052785084883733,-3.169832569868478
-3.40392696573191,-4.154114203602502
-4.4695384046407,-4.227525048089815
13.97789980065714,-2.539341238327431
-3.3872149422305244,-4.521844729654631
23.195091188895734,0.25969037040658294
-2.812452487989351,-3.9826359350458684
-6.194602078438521,15.854374615156877
-4.224201505263489,-3.000965960408251
-5.832766383778702,18.517275279725162
16.727018877717615,-1.4056987882612
-3.8322351822479774,-4.200427190546179
23.227761551793773,2.2355541527688194
-3.6872266984023665,-4.414845557848031
-4.213296342045075,-1.4419290048301567
-3.8501322555023925,-3.5091343662890626
-5.53775161088556,12.88618325084843
-3.9618483994532463,-5.497702194357285
-3.460318760940616,-4.2199123179391504
-3.448317309169483,-4.425828233743256
-4.349231878793227,-3.447993459769021
-3.361908485077011,-4.864543721126337
20.3316120248253,-1.142668128154538
21.849277647167884,0.014972069532020002
-3.0386930587321266,-2.824539373758312
-3.3082552726189602,15.397938090995098
-3.9885383622211803,-6.376539580238724
-2.9654339930219997,-4.2229069814174585
-4.184264583508942,-4.804130008893322
18.75537765331032,3.0137430274873265
17.33126325635756,4.945489926455258
-5.08592820946109,11.944742834623053
-3.6759617427825275,-2.038999082807011
-3.6799739671463394,14.639491320628665
21.047883596711902,-2.0286789727970285
-3.230438148019865,-5.431511385784748
-3.78488027957819,-4.194743221363763
-3.8655838030767375,-5.206989877686975
-2.840988922012394,-4.268801099243263
-3.884180133142826,-5.6749847785992165
-3.7496369385956854,-4.271415250378393
13.051618743229275,0.6446047282004937
-3.4851082175587256,-5.252388960297321
-3.2644440124704808,-3.7735324903815965
-4.1216365479137815,-6.146929835979565
-4.543031035425887,-4.140290095126329
-4.26719452381917,-5.490693255797174
19.253052556213923,-1.398518904693603
-4.037912151433617,-6.117356989457453
-4.071647393030792,-1.832453329941938
-3.149616505576478,-3.9728998813788667
10.328664920666574,0.7747185284240772
-4.323242619466822,5.144613433747093
-3.52022937867244,-4.963621240965606
-3.803633919627804,-4.372818600304773
-5.587420949477901,5.832933342861201
-4.047159653578789,-4.3857076767161844
-3.6493793417417586,-3.2533738366295237
-4.636489544060481,-5.044881006278235
21.1905555895457,1.8478449027935218
-6.633739472588401,8.56645195062744
20.190308393704743,0.3305184076424752
-1.6136575366963215,-4.490399030567752
-3.4418128361991513,-4.7785623307829574
10.400397331886664,1.7411066731620277
-3.9569614819324648,-5.223619101370563
-4.121363536375222,-3.1016712290682866
21.498111148564583,0.5937333854778589
-3.5426823878916043,-4.511399102918228
-4.19631579667132,0.46762288027006255
-3.98551125403705,-0.805123503859962
-3.7381168315432918,-4.645961298557238
22.800721776241538,1.9429793531375144
13.458068985535412,2.2500414552392627
20.837936465770678,-0.6017812202839067
-2.818441331859302,-5.185030251419206
-4.380963172268494,-2.4063565628194925
-2.936229492412587,11.317576717931171
-4.07382673654371,-6.1683135600230035
-1.1416421027582515,-4.683402195723497
-3.787445971304542,-6.1932933730501345
22.8477395074773,0.3939124197366427
-3.425433807487907,-4.564983035996841
20.70833852150552,0.7148965012517184
-7.290611664333753,19.61589911940858
-4.152762805686697,-2.433054852095389
-3.887536598631665,-3.925448333237076
-3.8104924299318874,-4.3126108609032805
-5.391144312916584,12.243461871214357
-3.997109926790696,-3.261708266975713
-5.874877403733886,14.961286702059192
-3.688052900120774,-4.535552019215379
-6.137135124011902,17.57245072183129
16.32442105936669,-1.1941874852887175
-3.5243989148384105,-4.199020126746611
-6.76663746697591,20.179529515007598
-3.2415064603308057,-4.523311965612271
-5.844275845135028,16.969482985369897
-3.3868250657746937,-3.928986751678174
-6.662335887713433,17.428998215941593
-3.7369195235538797,-6.301589314790439
9.625231876841614,4.960652675824369
20.17828965889242,-0.7365626267116323
-3.558905569314871,-4.465081239354963
-3.5834777977276064,-3.175742360733101
-4.0456791080691215,-3.7088428318418414
-3.501065496051707,-4.0413949650794745
-3.900848996827237,-6.061290747594503
-3.66311772761656,-4.05940669570005
-3.529091203628014,-4.526342072931656
-3.846576912309664,-4.527207470338583
-3.9148643159275154,-4.0577886329150035
-4.928982030252929,7.0669795317149395
-4.104302502798387,-2.415753208905813
11.9924586188319,2.7388656286277837
-3.5574629323348055,-4.283172999932835
-3.612206992058797,-5.524424984768099
-3.686804843707327,-6.002607443024298
-4.221920317268189,-3.288410331219642
-3.9299062565260052,-5.139159237094062
-4.048057954258207,-1.63463953985096
20.20131782476615,-1.3821559056865056
-3.3519291761701626,-4.296311382714743
-3.7605351934442055,-4.519562186988647
-3.9713059487200857,-2.9992300212104626
-4.056422348987459,-1.5589738017076316
-3.761474356317599,-4.607055593617824
21.154518305385185,-0.7086194787663773
-3.632118608615243,-4.333633446597471
-4.006098872784148,-4.370715330063095
-4.06809528210873,-4.128913915055449
-4.201236489717582,-4.126910750638351
19.537540764371492,2.754519577317342
-5.743216282261045,12.450792119252274
-4.075479910326276,-4.853869236664166
-2.980346979679157,-4.677050336278931
21.071728093059704,0.019365381960647132
-3.830991338088228,-4.555317417425996
-3.1811828004994918,-3.7410984346636855
-3.909167109170046,-4.913237211730874
-4.369287516339198,-3.4894444201258272
-6.689605312452158,6.0429412343955935
-5.3728931272065275,11.701210052710836
-3.98319972734797,-4.861718540580633
-3.7799954210042928,-5.909945727764564
-3.3340121126208193,-4.4685730999693
-3.720021205165641,-2.3925725636079993
-6.8534329023611384,19.68648091190486
-4.258334789509675,-1.0662160352265435
-3.8719601213578594,-4.480360971541777
-3.6810670041933613,-4.873042021991394
-3.1970814163752577,-5.74989952670766
-3.7860778829318096,-2.7050612911146166
-2.3403269367889927,-4.187534597151721
-3.4778294006423467,-5.268029330608046
-4.357339163329431,-3.520550046290074
-7.048635975203868,20.083577924471655
-4.1554655767286865,-3.828358708498055
-5.488392972440878,12.005266186030841
-4.126919056438598,-3.5218989225034045
-3.432862903988613,-3.7948035008047594
-3.5266677357385445,-4.0853529348898245
-3.4541340817549417,-4.494522222668032
-3.804330862028303,-2.7456403775858806
-3.111958786063366,-3.721663052872232
-3.949902992076581,-1.536711811163105
-3.845488865467102,-3.8506873002812814
-3.2444641719956353,-2.3191078861512793
19.762431130923797,-0.5518710833538557
-3.3265833233292748,-4.809621342190814
-4.8149318730024735,-3.2226676783515624
-3.5893680660026686,-4.78576194252356
23.881741124951226,0.8769066677759685
-4.147411593177098,-5.759701747758296
-4.312258725456456,-1.1549887739315525
12.167896373589306,0.0006671020464762284
-4.1611353818309995,-3.5791607526077973
18.639653911921588,0.16071539072841615
23.33950050319824,0.778564209599866
-3.772090655704653,-1.3855934966079755
-4.012599196035766,-5.105217064338184
-2.9666216618131442,-3.9546972898448542
21.289075847869,-0.6622898264023753
-5.329189457003844,5.240651066045083
17.762305303685213,1.684430431952643
-3.1280445219396884,-3.7260054066626145
-6.318541438595751,4.663769005143942
-5.743355482106559,12.34984303591635
-4.887566622289783,9.46785220936165
-3.93287110174013,-5.250266142771094
-3.8729033939787794,1.1992573006728264
-3.696122215456816,-3.7267414547124313
-6.691644868406463,19.58741864533659
-4.586228081197488,-3.598810169833888
-4.998513897825322,-0.2338189506858614
-3.0912428877311515,-5.532633182929797
-4.182195226493071,-2.997505275000673
-3.8667033367295778,-4.608851960734514
22.559019872241002,-0.1442918365225337
-7.286404089702054,19.094674622233775
-5.309634167300169,9.579148963961062
16.76198546057377,0.4651430221558911
-3.963555271646933,-6.1788395920515775
-3.9620104074981235,-6.569629785136838
-3.9477642142289127,-4.576390063752424
-4.490940228694524,-4.596783071015893
22.985670677074346,1.1683036838365226
-3.5962645930869983,-4.806046516452106
-4.080976568523044,-2.930337643537493
-3.7988521958472465,-2.966593531688286
-4.408621106765818,-1.8794316787635585
22.723985922192007,1.70689519921382
-3.828854682956826,-4.860030171950916
-3.240123218321977,-5.354602602901042
-3.5131624008039672,-4.710568791883885
-3.68454499420475,-4.596553975828185
-5.257342128136406,14.730236443622564
13.696404968621136,3.265678951254235
-4.124382620897924,-4.257600110355943
-4.076447691438465,-4.5459709312664796
-4.090594275384618,-2.601239753757109
-5.8268475291921416,14.150434665698496
-4.387690079347448,-1.3758824459057222
-4.135456344091049,-4.392262379037575
-3.4444475766801945,-2.5062958001401854
-3.7834137535682157,-5.254297751802733
-3.559212998413056,-5.042285198349532
-3.4185429214493848,7.927679168049682
-3.23775624467503,-5.479058387722187
-5.139898858418221,10.744434310226627
-3.941026860732685,-4.638317751104428
-6.065730464274837,13.342126336589264
-2.7222570021077455,-4.336107359705389
-3.7435167542710373,-2.400858852555038
11.115490764154899,2.946248356606294
-4.01151731573244,-2.5085812752182886
-4.130000856692133,-4.575890297425096
-3.5760671753794884,-5.455299344150406
-3.8470432482689794,-3.1955763194716007
-5.511624483486382,11.517946716375198
-2.15188559367561,7.499901404032325
19.55428122284372,-1.4309140677361774
-5.368730729029946,11.847461739489095
20.17392180673745,2.664505148431501
-3.563034043354308,-5.640123559385014
-3.1912821869317822,-4.299723927902825
-2.9990450956585692,-5.1470819407673165
-4.0449385061206655,-3.1370059768709067
14.782956528401806,-1.252716433866295
-5.076443496336607,9.444345270883376
-4.061499382177809,-4.166863711028874
-6.5406060793056175,20.369068200485525
-4.177035066253202,-5.349284920387877
17.12878008235503,-0.7651781086554547
-5.8595190210152825,16.996829006604667
-3.775480641738437,-5.988954576451409
11.023232229862593,2.458383129913455
-4.1274742269140265,-2.8925743935231245
-4.802793821380205,12.238108573651752
-3.9162656357344447,5.14402541981564
-3.9720696026040283,-3.359987189664534
-3.88336732510211,-4.101970160879255
-3.949462879988425,-4.925912936481146
18.188512501137854,0.728148520800473
16.379813766581627,-0.634260607004856
-5.323829810438614,11.97250758648812
-5.81794294234378,18.660648114344283
-3.5904639774334135,-4.738903326357559
-4.673129891379225,5.476550148797183
-4.078424585969471,-2.33790310467559
17.347140896065543,-0.772919371656914
-5.419631826357256,11.836733160898369
-3.9453203325187967,-2.0658863755152486
-4.388464468256548,10.097918682341323
-3.5277745558564697,-4.589360686497136
14.9778091726945,-0.6813180190474885
-3.4461983181641154,-4.538685368180234
-3.986650058713732,-4.491159416145687
20.83115727476005,0.5173675325631939
-4.022786504872838,-4.327704474024803
-3.4667032250643257,-4.569538080235765
15.77073875868662,2.6813257787410913
-3.622087217842757,-4.892393379168855
11.243997631250501,2.5515617724647424
-4.212242328499256,-5.914454850032635
-6.815256399207981,19.84302353138472
-4.203613381447158,-2.443493877633146
20.120304185481245,0.8839000025053471
-6.354423489409681,18.861221136047757
-3.5647062634385374,-4.466671147011273
-3.4998773701108665,-4.975606513651606
-3.564641355514273,-4.374043201660164
-4.502518198749097,-3.3741715795113594
-3.9270820236415527,-4.217233475010353
9.959214339242788,2.0368365075245287
-4.137660278483938,-0.9078107560829889
-3.667675412288775,-4.604057761287174
-3.7409517906415166,-4.696780603624745
-3.3482381900718643,-5.691711973734345
-3.7844800516185306,-4.697452799341217
14.433642352526238,-1.7481683454703998
-4.513269116068176,-5.328645517450949
-4.0269935270925785,-2.493383089291634
-4.057092446150856,-3.5439744117479015
-4.2898756079649925,-5.247801345638476
-4.412691987362092,-3.8420685470752796
-4.459223124103999,-5.597806108881389
-3.93804852324676,-4.342153505866708
-5.044716941331932,13.805824117157918
-5.235998127945366,11.637126260303306
-4.366417426899801,-5.448194275001333
-3.565599979175577,-4.599118331466794
-3.7900359015091287,-4.41293455200176
-2.9249664106354047,-4.934862001208839
-4.25357397099365,-5.390022899610299
18.563586119861437,-1.0988466852704855
-3.298015979559764,-4.639635039043135
17.30677789823246,1.0459673414447894
20.113276828502205,2.313663408490316
11.566066496953157,0.6443204543694001
-4.211232409972422,-1.9166648937519006
-4.093546039012849,-3.0606368127190002
-4.0295742207784615,-4.11256687191567
21.76602116829257,-0.21362839005218157
-3.7096009293310956,-3.9886504524357718
-5.908094303649476,6.610736320506326
12.779094871381693,-0.1752697519584001
-3.150407690997759,-2.9918442208097757
-3.705013758175522,-3.817960080951986
-5.6600493938090235,16.429567432841765
-4.361103603319841,10.653497759363376
-4.289473499613121,-1.693484049583875
-4.991925293449966,9.72822507182628
-5.32472074460253,11.27242349140993
21.15514146946382,1.4034299454341972
-5.516134438172398,15.153307259808184
-2.5997237477742,6.824252447106263
-3.670032912655211,-2.1059641123422024
-4.417130251103876,10.282553131470607
-3.6052884493703763,16.076872227597807
-3.838507999745219,-0.5477366440839979
20.769264209068155,-2.047539752949962
-6.6139301329338,16.74102327602514
-3.9116383717301626,-4.306061453794574
-3.8681685954129326,-3.6674542756660737
-4.683975260539625,-3.936337707050509
-3.4123498671141608,-4.557707839712626
15.979685414313936,1.421502905438936
-4.319078810171162,-3.5349349637846883
-3.7831993275868885,-5.323933350137352
11.023176142821596,2.72110705650952
20.09483471515606,0.9806824037017712
-6.248770280560497,18.112750465212567
-5.516791664854205,10.747403488224993
-5.151597062163857,9.684354295300132
22.192077953033188,1.225025539676078
-4.045618157351916,-4.325177013927796
-3.97555070376867,-0.47396695683040335
-4.231787777453455,-3.786493574710549
17.808463223321933,0.657690335268857
-3.805405096519349,-3.6094396914251488
-3.776634890464233,-2.6859868836177863
-3.6414564023044234,-6.014511222804787
-3.4002426341472187,-3.622803476030877
-6.378097966501773,17.67840200412211
-6.33948433779996,17.830599267896844
16.051076826758365,4.623159363607139
22.16944291311606,0.16570468622135928
-3.9808353593710635,-4.668415117311892
-5.349737879581533,15.741309854508899
-5.382887344375015,16.079291659092203
-4.786952345192088,-4.068509265206019
-3.7279856808409013,-3.2265685077890196
-3.7977062323531476,-4.228752125923991
-3.3440893175022652,19.461763779001057
-3.640761151429417,-2.259197503725791
-3.782444454792465,-6.449838851676936
11.750257833670043,3.48354142648359
18.897881207804144,3.326071977833666
-3.8457215242983014,-4.878115301563815
-4.356352241110254,-5.472686406465483
-4.149016278047581,-5.522969908304126
-4.081011436714143,-3.5144740237455485
21.36294872325267,1.184108638344114
10.155362101516499,3.8370366936843734
-4.636926238663895,2.2191937365052965
-4.101047155649802,-1.2562305430608043
-4.153784401841414,-6.384683159640371
-4.4246569543515815,-4.795250135676166
-3.6604812694353206,-5.85642569115582
-4.0638796810236375,-4.684483911248907
-4.089650369547756,-6.050621103151502
20.50214776542645,1.9441525188173028
-4.906160700849618,3.7001596151642318
-3.481131920458686,-4.441370364410824
-3.396032486592959,0.019474160431481535
-4.045261120329545,-5.312936719254907
-3.8150495767713646,-4.563537901242544
-5.489521123196015,2.472648789036307
-3.889443567864878,-4.634117369198341
-5.265085467434764,3.257464209043951
20.84197349531363,1.0899128612327147
-2.190936471070144,-4.913646149394977
-4.187354606968676,-6.103076269132059
-4.563514663027085,1.6628592498349344
-3.771443002531244,-3.4726711453193415
-3.7903025788662785,-3.227478365121993
-4.539935803958684,-1.5382160169202388
-6.068184268993762,17.39299709794853
-7.2865310245347,20.844171407987606
-3.5794390256795245,-2.5863875583612996
-4.289500150980339,-4.387419225207978
-3.9384039465054577,-5.783040451483916
-3.7302575232669994,-4.5705272466682505
-5.464825496322394,15.359493771865832
20.767536857481474,3.1523756514198964
-5.749312795274516,14.011071312112136
-3.9544293428269213,-4.977701735223862
14.141929431331409,-0.740234827757728
19.70179956572347,3.012512099494295
-4.004924483882012,-4.144551642698622
-4.587360211871669,9.69564801686217
11.347760088826982,1.9413704795361524
-3.15351325576822,-3.13304293360003
-4.2404635870042755,-3.8759037281585584
-3.609058833225662,-3.9177594493595276
-5.904073670764983,18.172773941625522
-3.3227165085624693,-4.036325868786776
-3.3498353394084694,-5.041709572586029
-3.888985207157539,-4.384702231971622
10.44240485604647,2.6480991723524734
-6.789019375349146,19.11684001745645
-4.062501645437281,-5.854091878209717
-5.181369047064443,10.90630522211208
-3.6175644116317454,-4.831274547386325
6.934497140046897,2.493849952962809
-6.342672319956867,17.667911458827497
-3.65181625257561,-5.365691754998755
-5.620411635496074,14.609477361092116
-3.5703909469661013,-4.406384583634099
-3.7801373406105263,-4.248600947420787
-5.147348107054075,8.311945285524352
11.610852193662632,0.6622022189215266
-3.4690248642859944,-4.030456095141046
-4.912435794349242,11.473014076730268
-3.1118055873083597,-3.445557552186872
-5.642748250821761,13.706683800409255
21.435078853821825,-0.24204775300784404
20.34163951298297,-0.2148125280771694
21.398792420658253,-1.987857472519493
-4.794738229586973,20.472002431796977
-5.207853304105279,10.61620633928967
-4.1440349650917865,-2.111738383130229
-4.184224915242577,-3.9959385635891636
-3.5431827002503997,-4.642127222899973
21.46763481381326,1.971688637915105
-6.026894046342067,13.808419949827014
-3.788643597081599,-4.815559127882519
-4.162855223597338,-5.0284608348302955
-4.1488803590801515,-4.543540392914876
-5.120014452358693,2.559101428966544
-4.487415641130787,-5.309822864009721
-4.225220733045038,-3.671447759415324
-3.8940899803040634,-5.792203851390287
-4.856417223880815,12.105856210298366
-5.677292807784942,5.785145247466813
-5.559463975939052,17.10196236202081
-4.133573028816748,-3.5076722546115104
-4.1781421267055645,-3.7820585769996726
-3.9534656324464357,-3.462755264375745
15.032966077772107,0.7832111857612937
-3.390588883080293,-4.805321304819063
-2.1934813700541045,-4.2454639652452295
-3.7187501101644354,-3.877518493299246
-3.801814212525133,-3.7456363475634986
-3.995853583013588,-5.537176400460977
23.365904311290894,0.5544761570817272
-4.439526339618019,-5.602793888121987
-3.4400894411132925,-4.894249391210835
-3.5726144993193145,-4.991617871705756
-2.3952565471257885,7.229143758643223
-3.78025370494972,-3.7232029465692578
-4.95257853701396,9.700437896625829
-5.794556977715284,18.52159270833903
-6.375548048463591,19.34548622992749
-4.025972343950442,7.739534939882953
-6.715502337175123,19.43133406474158
-5.309488553373329,14.771855417953162
-3.4372940989256153,-1.8303567762702952
-3.455525704954294,-3.4154312387868404
19.997270562995325,-1.8486167389853179
19.22755429027434,2.2223178481297
16.782738052376963,-0.543647670029764
-4.020993623367045,-3.412390159210951
-4.980385175830058,8.736640873359143
-4.366296109873363,-0.8411559115703295
-3.7455343699502546,-4.7293263753061
-3.5818454750830826,-5.057699898566581
-4.156132730697285,-2.907151836508681
-5.729041603865504,12.356160446892567
-3.928332820997674,-4.2791854129919065
-4.1122432342331665,-4.8021454662468495
-6.264680048838235,19.37381132664797
-2.9492719573119226,-4.2146238998038585
-3.732120376599553,-4.718979065761481
-4.0387947557257515,-3.8186196677427753
19.135885165718168,-0.8311353506146799
-5.478579524058722,18.479044236873545
-3.8793505500657623,15.03044970317394
-3.817476699951814,-3.4390529819811757
-4.078916080992898,-5.198010604850415
-3.3100182315840985,-3.763379677479891
-3.776408083245682,-3.9537267817386583
-2.9834425511875198,-4.936484509482982
18.899472508287182,-0.15512719365832958
20.989468898390815,1.1903352809990102
-3.1796844142400094,-3.8611350678740424
-3.9756799688004105,-5.259941271646058
-5.239828194714796,10.189712093782493
18.91144931043515,1.5019361337240742
-3.2570880570445673,-4.639540493827853
-3.499810986462819,-3.7049334702954777
-3.1007326269526176,-4.793921257616149
-3.423213648990334,-4.9561059277983865
-3.6198732440410475,-2.7113312469764157
-3.4571002683556236,-4.077762757669451
-3.369448049439468,-5.219699828777768
-3.932012483682836,-4.315393596314039
-4.204579984433777,-4.981968308917435
-3.606647150610778,-4.788172602570559
-4.2303970493774505,-5.228599980943157
-5.764707347113161,12.715666841669236
-2.833126419914061,-4.484560947208621
-5.096080698050918,19.490247956240296
-3.018236734357732,-3.018823163604871
-3.7353481658811414,-4.597528328831204
17.608659583329644,7.584593348569961
-1.494420827380607,-4.188126304857144
-2.6281658298987614,-5.787365158887913
-3.903438986674084,-5.227587611225434
-4.87616216508123,14.589315852491435
21.008618412184656,-1.4881960851286375
10.639143580673089,2.468612354494238
-3.8734329459499377,-3.956078889071204
-4.0387198036580845,1.1418070289694318
19.297581074854254,-1.270475673762642
-3.4742669063352682,-4.386319622259038
-4.328031977404626,-4.570891646419329
19.228112336946616,0.2011076476732897
9.579263876248456,1.5478163115656818
-4.209039021683803,1.2049720386837852
-3.5196196297343807,-5.15617479023968
-3.8861609447858,-3.651814497257003
-5.625895492118432,13.277969757555814
-4.44608283448398,-3.7774570624022674
-4.959551868521805,10.137458167318753
-3.796209838077773,-4.404816289324564
-3.907883044314243,-4.256894279154215
-5.8347692606863735,12.248611184551176
16.436662086347994,2.865166586243017
-3.7390145306811293,-4.848038847353794
-3.7511024224746237,-3.968915848273608
-3.450251504379887,-2.7839384676972063
10.700695050741087,3.3519019517261435
-3.4814073831778094,-4.678744057555154
-5.6189305951640875,11.952001038447648
-6.151690289783784,17.036695314809908
20.16523802811333,-2.0379381303532114
-3.8618023504081056,-5.815062636939707
17.474957373818064,-0.8022839470691147
16.003500866240817,1.61186266332787
-3.1656373027702314,-3.9097351425961198
19.886317290447163,-1.376299337095019
-4.1948212257838255,-5.629398131980641
-4.289869383828523,-5.0475618562583575
-3.8179500467871934,-2.367219210876477
-4.349481479468635,-6.097435590561856
-4.1244685523760545,-3.4755856851172795
-3.938716004502935,-3.3879468618764226
-4.199600732085391,-2.4334123918426105
-5.967996519625038,14.466871901929428
18.802227004777738,-0.4294329031994397
-3.7529184338248793,-1.4089704208376845
17.637583953614133,-1.093655728466149
-4.000301753251387,-4.941516267759309
-3.8669434686981132,-4.7254021415568985
-3.9078459319014183,-3.7175519172202636
-3.19691226707074,-4.0122939601722845
-1.6366638308515784,1.0658313871800615
20.82588353116716,1.483761527406103
4.713610223324876,8.83267545723281
-4.198321729292323,-2.463069146624395
-3.721585784040105,3.690961138883173
-4.140347472003972,-3.432135945999989
-4.328741809461256,-6.00912731671965
-4.135045223623197,-3.2800967233021696
-3.625548500446415,-4.253633310500166
-2.5381760565562246,-2.875152901953411
-2.6661621903478325,16.683432613563088
18.774805315781325,0.42362412768299584
18.35493607609994,-1.0800763027642772
-3.9763354499289525,-6.100438205461274
-3.746006766055737,-4.1720822984578
-3.7090458674116182,0.06947854134183701
-3.9457652874923257,-5.598471008258485
-3.850292385624354,-4.579717304392008
-3.0168834447007575,2.5383717499132867
-3.33011726533835,-1.1803574765646099
-4.118971055673521,-6.2946283209931195
-4.768168157648504,-4.398100874554771
-4.919831280708444,7.739856063629569
-4.682197773532233,8.832919868996928
-3.647338874955347,-3.2579506393178868
-4.0088284641708825,-4.26794164334313
-3.857680131452437,-4.229009939935474
-6.067109912294459,16.09907057874304
-3.576611654508065,-4.41434442433482
-4.058457389378095,-4.268562098044678
17.962518244585063,1.549199733750245
-4.153016887541154,-6.023615078699869
-4.0044901511520425,-6.027635374121297
-3.389665198070266,-4.182331903105
-3.9717368699378808,-4.165171627902273
-3.755244021446932,-1.307437379141878
15.866464553502494,0.07739233530200829
-4.843096678021224,14.839711943307382
-4.571694981757217,3.5459832683238512
-4.287124046383461,-2.3474864167365688
-2.768851243544519,-4.089282757285275
-4.158823107023272,-5.981953818676486
-3.0175005069825187,-2.958862013380055
-6.534751237587382,14.846219815650647
-3.3075293443824996,-4.727636089504721
-3.5522547382326515,-4.645191837687531
-4.253064059462921,-1.2097499371540328
-4.394978664549596,-4.355570193297239
-4.239796476302256,-5.182405885069732
-6.022325852636927,17.508460085163374
20.131346272302665,1.7471392060134574
-3.071707308648481,-4.351067282121556
-3.086415167312478,-4.2218043905669305
15.056643593552293,6.040699159024669
-4.137201594819808,-4.3952190352482114
-4.070451555962798,-1.3579135619619171
20.42055493397487,0.6892344395136789
-3.1824630797676248,-4.154069936676789
-3.039317987638994,-4.598310765202718
20.199324925707412,-1.4093213330939314
21.07751056130698,1.2094175873220645
11.538491337590745,2.728776228243548
-4.733750311903187,-0.3882443025623918
21.290431611202894,-0.09261286257223189
-3.023771343827174,-5.407975958750319
-6.291745895060651,18.18901530850957
-4.421806545962149,-4.086229025533353
-5.834539263214063,17.28159655124916
22.088763711113373,1.6772255073171443
20.578780200389435,-1.992384451323191
-3.962430823371557,-4.416537554960043
-3.8544636055225396,-3.088949704037845
-3.3716599628212904,-3.821537536106169
-4.040548479382534,-2.418781022526127
18.910421445238157,-0.48810165577236453
-4.014278500350853,-4.0046104100101525
-3.770618819218478,-3.9394522742081497
22.605641951570643,0.277845599944589
-3.7330310679341543,-3.7057587053962573
-5.53080358652458,3.389159493352907
18.184383414669487,3.8539727731919076
-3.7898124891117564,-4.653639778230658
-3.508538992627642,-4.587320853489451
-4.104432583554803,-3.2012971349272794
-4.348472198475644,-5.245342158702697
-4.052640158474229,-3.9464442486955416
13.781232729527657,1.1787065943920363
-3.835660379686143,-1.5943111028855446
-4.0942866554069015,-6.363124541558559
-4.03326916518861,-3.9326178484458048
-3.4526551747402583,-5.043803435605027
-3.824286381122932,-4.269567716974844
21.52200262164197,-0.06261251849838287
-6.103576776229984,18.012207513730935
-5.2365577726481085,6.41267860420704
-3.844496676324627,-4.441920068381371
-3.4374782104826447,-4.223154338941813
-4.934717861685965,7.9717757314829845
-3.637469435066175,-4.597441197413136
-4.279213581658342,-3.5585500953816203
-4.930962332523168,8.730744750686647
-3.354746418364488,-6.370512734435285
-4.0153813328252514,-4.903337443329273
-5.955609045918778,18.031127651393646
3.925651088189214,-1.356046408577265
-5.57871887754736,15.81049690531621
-4.218802627148298,-3.900193081665188
-3.413526887162454,10.005846204235874
-3.6074798876177905,-4.694771210665575
14.079697142047968,-0.12075707464260863
-3.041338327611204,-4.62517104688229
8.330629865332678,1.9064808316811153
19.970515165064043,0.7290715304632998
-3.901778803112993,-6.570939458581747
-3.9428205070411564,-6.398345880414223
-3.6455000232873846,-4.38714587678715
-4.233493327010994,-3.713696104845673
-4.860089652904692,0.6337840002578915
-4.055022186360895,-4.272551422672968
-4.70991302163786,11.363738115664592
-3.87466608811049,-1.601463002382899
-4.369986009459681,-3.9474746260599414
-2.882000842115938,-4.991515737999538
9.702116983354419,2.4931186525455025
-4.413000485837362,-4.399909080516121
-6.150476094622412,17.472934643055964
-3.2388529121146163,-2.6803063314944575
2.783819368411685,6.483488446945282
20.809708409598464,-0.6598848820429407
-4.1929948849457945,-1.9467223904232127
-2.778303673890578,-2.8115281151213787
-4.230936943933843,-1.5900136697837275
-4.4814594283548965,-2.530663264461948
-4.167191255589583,-4.131330088270463
-4.336845211664002,-2.1591307251366034
-5.740746467662893,17.78659629633021
-4.03209666986506,-3.820849466101917
-4.7101870139972295,9.221792777813114
11.353485547762997,-0.6631419053347165
16.34524307360731,0.051259698704289196
-6.645953509403383,19.58325746980091
-3.4020931605505873,-4.724896413728555
18.62208634759965,-2.0760541235881402
-3.977987850466077,-2.6937011006733047
-3.3447933812975768,-4.84708099749238
-4.142523619760759,-2.430721063604006
21.122418031955558,0.42279875766795066
-6.516772436816283,16.703881901881818
10.685520629724826,3.795597404472925
-5.364536371424961,11.55535671822481
-5.8239527338748225,17.6970265717658
-5.471014044267107,12.228126330500913
-3.8320009048021855,-4.320518591304091
-3.098764152729632,-3.3640560246277524
-3.828068517840911,-6.52565133186968
-1.0669793049421503,6.34377648261541
21.774212895154577,-0.18731276657272342
0.8726536306190267,-3.3929748316166424
-4.3494906964076545,6.748170059867554
-4.2164218285107395,-3.561474499179384
-5.432636371286366,10.623114081335448
-3.1215656607868527,-6.314861726645684
7.092611465161034,1.6617063026617427
-4.070431454902225,-4.414791307968685
-5.881016358540095,16.488265575047702
-5.720722595462202,20.05094820536895
-4.715302343671104,7.177848890870228
-3.741864729142596,-5.1610998075841445
-3.716052965042107,-5.958286583218789
-3.7061763652711446,-4.196338043203172
-4.11228076687259,-3.9680039704720826
-6.736113375361954,18.048857728957326
9.21202135228126,2.5525864302342627
-3.868901310995189,-3.127613767383836
-3.599629661320948,-5.0318291375525845
-3.3830342714326602,-3.740851312824939
-3.98090202816786,-2.8431348869782322
-3.4039623712394156,-4.608056281985067
-5.78225274190022,4.0144973770205485
12.333144103208056,0.39514542963102794
-7.167896341274016,18.0035605252771
-2.3314251702818605,-2.861888668015111
-4.131132737349727,-2.438275876571158
21.52039330549657,0.39215398736963925
-5.120843939468252,13.156710704926729
-4.569936232303103,-4.1708974796194545
20.178222656984467,-1.7636082278951142
-3.8863458463052107,-3.0531384592629967
-4.187553400914741,-2.7758081481503813
13.665764770100399,1.4304363981046353
-3.656242791464915,-3.0796212599983193
0.9777160100659419,-3.4112995510088253
-3.572248820054935,-5.300587392558111
-3.550977086152646,-2.7634648069160503
-3.533377035826895,1.1010950720585475
-3.40280894682815,-3.07395716192034
17.873627061166733,1.3016934146558818
-3.436356595699199,-4.719756314000596
-3.5340927291446462,-1.7943088405642467
-3.465187214392473,-5.452720938313217
-3.8703522037267093,-2.4470033005802514
-3.9257681410009484,-4.270353651322492
19.39010349261162,1.0929333164194357
-3.9346765079216732,-3.2387437699790564
-6.142478295415538,15.172069753719425
-4.1416050959489015,-4.3274377966497095
-3.8559143720133044,-4.298291409784726
7.42032737485067,5.5603545857577705
-4.168839859773033,-2.7896281115362602
-4.192073285291741,-4.708781202022962
-4.03065705113551,-3.272838569470107
-3.9915481025693946,-5.485207766375893
19.86034726555352,0.3352048336186926
-4.164128419448432,-4.439593895560223
21.036367169626565,0.9030615146844956
-3.297996934259175,-4.013768736403725
-6.680255262656463,17.011648709935532
9.03064589309085,1.3972704131997247
8.629434248384365,4.65066610466469
19.50883959666566,0.2732539803428563
-3.916333672464353,-4.857052460283376
-4.470628969504517,10.206082021089578
-3.584097029891594,-4.89495318024462
-4.427551746602813,-2.385413583256481
-3.280851078189969,-4.617415578840204
-4.205238432624281,-2.5579977931603954
15.566181438435342,0.9914889313701026
-3.9613451742677688,-3.1543149110726967
-4.187018480346504,-1.4187114728247168
10.895096134409119,1.992485037298875
-4.341694139725979,-5.384948456916509
-6.292729028467031,16.243451098407984
-3.9580960348256697,-5.8185084929517785
-2.4251583049188628,-4.8471132319311
19.79267845288866,0.6762388697416819
-3.4080839825432507,-3.827410499129934
0.3388012628277445,-3.1563575769340106
-4.009724556015874,-3.4636828097247743
-3.333763169718962,-3.0921681662314455
-3.7926475094002168,-4.489907256347347
-3.3160335402135495,-5.122983939060972
-3.350127112364294,-4.600400105197044
-3.7503431157327536,-2.78747195159975
13.313136357103936,2.4392561677230233
-3.5027793592326075,-3.1019368325981165
-3.3169830990508475,-3.2092189230914068
-3.4892050198696287,-3.8075408830538215
-3.7808821525337892,-3.6353260928268476
-3.830419441209888,-3.260599410284147
-3.5373377438169413,-4.022101482498155
-3.7588614840213905,-3.7120974582366677
-4.137436593002826,-4.7504793112724855
-4.720584395155539,7.826986627863571
-4.215518331804652,-3.6372249850182756
-3.9091197987288138,-2.4999140449399597
-3.929985513886348,-3.419500699691362
-3.81963344189934,-4.636218650052356
-4.632931219056389,10.620090338981138
19.8194641247099,4.892205402713505
-3.834978410865616,-3.8304653018450443
20.024170108531624,0.4538283344156844
-6.570274653305078,18.61943256900132
-3.844106496757524,-3.4671425122027455
-3.811290113697883,-4.768022406503622
15.753498926600836,-1.5751244977621806
-4.1022635356883566,-6.810720388807805
17.850765700236167,1.5341760655584458
-4.3810310777745105,-2.3043013618287898
-6.131538850819067,15.093334353601673
21.033286788642517,-1.2953805827840665
-2.801952297842554,-4.0392177581205315
-3.9108950715446555,-4.236785634258152
-4.682165053372299,-5.147539302151197
-3.9399349816799196,-5.513186985684561
-4.391996781039362,-3.582133324611703
17.265152567303506,7.896720129733989
-3.718548713958856,-5.2117198580781965
-4.473026936129082,-3.0110072447879466
-4.949938308992427,20.322605614972225
-3.785550056893234,-2.7674204135989195
13.073304516073112,-0.02419713007899374
20.05537143460374,1.6423553743934007
-6.106143961173315,16.672506854220405
-4.023877004901207,-4.861778966104786
-4.215438108487568,-4.810094449564678
-4.282910279758804,-3.2127336302800416
-4.03859874796909,-3.9968232315519883
-3.655406377051906,-3.9510718222556633
-3.5775494462369615,-5.222996721446978
-5.698887359827276,17.571280236938776
-3.1519780407661564,-3.806110704371351
20.167745924327374,-0.8093960773382318
-3.9355435449259257,-2.4202435333584362
-4.015106394662634,-3.455232150870772
-4.1538987384476185,-4.120134812843451
-3.3669736952477773,-3.313114950870039
11.471738734583436,2.105786433555955
21.606373551121642,0.7257845913384197
-2.9489602758529414,-3.694510872077194
-3.752604430467577,-5.344759058114739
-3.1328362843189113,-2.7668005073647692
19.900451569060255,-1.1925486307151854
-3.927210441010447,-5.006204124177863
-4.189975602449504,-4.342396676511737
-3.967508217628868,-3.819278978378593
-4.3466835437971785,-4.163725816058068
20.801690794309046,1.9155001684306543
-4.387713086560616,-5.118646297647294
-4.316193898183355,-3.5274703210461316
-3.9584686311284245,-2.1668760060085583
-3.433496851752217,-5.243802177741511
17.410578403124866,0.13731443334771162
-3.7551774879460766,-3.881794775118372
-3.7293914215448916,-4.979797280478074
2.9429860988399232,-5.212791443250385
-3.5581320129948,13.918143852462608
15.957538107511864,0.40648835508979736
-3.765805445642039,-2.489213267004337
-3.862945033813961,-4.016275333126553
-2.004493402802078,-4.085499727326105
-4.664159161804965,0.3811748939464046
-3.9028226475586245,-2.9029977926874015
-3.9420751024015925,-3.8496605929571595
-4.001598942663174,-4.784499088896242
-3.874524420935112,-3.0756690222237117
15.017132760325168,1.4992533622950437
10.725652015306604,3.3508829675097065
-3.4966959000139686,-4.412490799885751
11.369117064527822,1.9547365704892337
23.369308605764246,-0.14219180238261497
-3.55593225591944,-4.699114398991334
-4.809073642647944,0.9769670375557051
-5.739297497807392,14.71696815429574
-3.7164723058036753,-4.622140059106005
-5.127763643024054,11.68066412542227
-2.0421184357245705,13.519770494264355
-4.177652013152683,-4.794762773786987
-3.9454300052875015,-6.000395756874349
21.35073417747012,-0.05052625494121797
-3.572769106550018,-4.804563202323714
-3.3910001346023644,-3.7469730516020903
-3.5937554834880636,-4.666775017440169
-5.545781587853104,17.450799574299545
-3.189342797180737,-4.961151178720914
-3.055421822287362,-5.1543128670840686
-4.137894678601495,-5.45720344131266
-6.291073929119711,18.218625833618468
-3.693593244559584,-3.415271452389371
-4.1187234041675875,-5.248971869193312
-4.135814969721299,-2.7586528046318857
-4.7666906420428,10.806560863998403
21.349302017275082,-1.9265387600268444
23.494799118617085,0.5941100775642787
-4.557337795772821,-3.872214028209247
-4.1932621580358065,-2.4485057367028955
20.84444462839619,0.007820069923204925
-3.2557043359966693,15.382368581388883
-3.478405498060479,-5.2705439015555875
-3.618500802096616,-4.5632763801256075
20.8855731465651,0.33365897219475393
-3.8147261410731232,-6.0717562351533045
-3.803826573182968,-4.543044708165318
-3.401614917172944,-4.432772481472825
20.45664019691961,0.007979165435251002
-2.806570544504058,-4.0647091638973825
-4.493160800881548,-4.3991925472265
-3.8796379136473935,-4.840170518947935
-4.899652872646411,7.912240524234874
-5.271440504471023,14.912962406605557
19.77574124687121,-1.3264750635760183
-4.63899008993584,-3.7085006639162232
-3.6657116679680453,-2.9339458896913255
-3.0685228441890815,-4.874116383799894
-5.497215743434498,17.70890269867363
-3.5905694617963158,-3.0278050049838976
20.399360147063298,1.5614155923558992
-3.99763541809694,-4.0797120465661205
-6.851023776652583,20.00404595904093
-2.7876991222759946,-4.196803551738422
-4.09500922275785,-2.724920181509224
11.86221061482694,1.279604980748819
20.0845696551908,-1.7411029705313186
-3.461415327477479,-3.130303841500551
-6.46139465310758,16.077334736959845
7.014955075535555,3.1738647493363703
-2.952057378445148,7.590959741877919
-3.3403049165928693,-3.5182337266613914
0.16945144225912184,-4.432080885681385
-3.828254001252673,-2.197621757448854
-3.5836976615282623,-4.594531040923042
20.43417633089678,-1.6037213142030613
-5.937098067717228,17.372718805780192
-3.73478917201635,-3.6153155963837538
-4.235335634499588,-3.494346451571872
-4.163120067520324,-5.600143352115461
-4.021915574581485,-4.495086333885793
-4.394675306568488,-4.089458106355773
-2.842124942230651,-4.528712021948707
-4.743346950717706,9.8025310822444
-3.6359597475070666,-4.432856428087772
12.290644059585793,1.4577763480522568
-3.352586581248575,-5.083470580702046
-3.978000687235272,-2.949741307843783
20.720811880687688,0.17429100804885622
-3.336544508134295,-4.970139723814636
8.178171286355907,0.06894655101311367
-3.8134561490516976,-4.4929860320315465
14.064155093417611,1.433524963842152
-0.21103190162983346,-3.9991853664350927
-3.069817489835181,-5.344699292333866
-4.276937846472674,-3.2929965111008093
-6.788839470127145,18.637451918412417
-3.6003143091349026,-4.715962666985742
-3.820146382119712,-4.051182255055899
-3.411931222935159,-4.462119415495875
-4.387626621936328,-2.68977063245337
21.369469761924595,0.4493011620232263
-6.257243631138328,16.375248633558964
-4.516660316667018,-5.166465603124831
-4.196907413567268,-5.6217218388265975
-3.071489870719603,-4.95362019560192
-4.0087595989836515,-2.4016288953603246
-4.207952934554746,-4.337635659687763
-3.7394387565820764,-4.991101848374082
-4.046316458451554,-5.948991088398206
-6.094689893242818,18.586542282657028
-3.7429737651582413,-4.556932655460309
-3.4903213779633897,-4.924594650034793
-3.774587037818081,-3.3136096367407255
-3.720467697631173,-3.8175028592354017
-3.248969946223635,-4.8766680067703305
-3.8848271362895535,-5.3020297968478305
-3.662371689098986,-3.922844638405785
-3.814526105807913,-3.9632092355015915
-4.1526134707569,-5.378323457178442
-4.318668976342864,-4.230194377679348
-2.301792442544409,-4.218929618213936
13.189274594026827,3.147620834247
-2.788683917234212,-5.664308656135679
-3.592420111816476,-6.564320430936391
-3.839948182256498,-5.16795313948835
-3.754312103358989,-4.588158542598171
-3.895630809724162,-3.2693016137395046
-3.6952883566460892,-3.7307283510090756
-4.8501614460766564,7.933917181487191
-5.311619352214771,17.79374773928669
-5.254656031053933,10.012535381795022
-4.956807810270765,9.084163295215893
-4.356984447769548,-4.313264542595572
-4.030165129598604,-5.008436296608009
-3.983646627067798,-3.3682510646599195
-3.335894912206112,-0.8517158912993354
-3.059754747918672,-4.422195763886504
-3.8889766443760037,-3.9112535546286384
21.329446742022967,-0.8248732243222081
-4.069019000962923,5.567817635716059
-4.005611931209319,-4.04805889093462
-3.747420876243331,-4.605664670530787
-3.9742710383873385,-2.095995057292709
-6.076121643903895,20.281427953588626
10.206598193684036,3.0871236849892334
14.699167149694519,-0.666127482047623
-3.540070914836051,-1.9800582054714606
-4.185925657723582,3.5094111296919888
-3.931395871901594,-5.059169294645298
-3.4009379803687345,-5.004731269461867
-4.471999500056302,-4.574301545544723
9.69128052391201,2.271948846459177
-4.326544954524838,-1.3287585533870983
-3.3564504179053385,-2.655004314195193
-6.425810178288297,16.994759750646235
-4.08920584286606,-4.888232076853352
-4.443113657751385,-3.692631721488165
-3.225033075211673,-5.198972027201609
-4.175904165030539,-5.191797126587638
-6.197763414166098,20.403837301777052
-4.77221152604779,-3.715189127897996
-3.2517693583712943,-5.199734580880942
11.835386469239635,3.2888760821449905
-4.022430925571532,-3.6547728318381596
19.008622734768014,1.2605642808298108
-5.077467885168049,11.388682687683168
-3.4569831630660195,-4.786658164304575
-6.577093031352243,16.95652638910338
-3.4396833958815023,15.011943748434932
-3.4632611819031753,-4.458894502973805
-4.32227182558893,-2.3386210378926053
-4.310629999407706,-3.7056292798183885
-5.01173089878366,12.823594828747757
-3.9646170221304513,-3.483715180530406
-3.7872900551197093,-4.695126692134503
-5.363739897830561,12.628264837022545
-4.210197338436127,-3.39730378827177
-4.173655334899059,-2.759642325560438
-4.450584327646116,2.5874667905263906
-4.670347112791545,8.625136800888075
-2.665344494029726,-4.794598551993907
-3.605380002034165,-4.880005243881091
-4.134969456064498,-2.136794545547599
-4.004530973003211,1.2095814398959894
-5.204601742678389,9.668880064653308
-3.3939460832327137,-4.299406363687902
-4.764043835771916,17.575419831313308
-3.9506593151688802,-1.8149263547833572
-4.279562458489332,-4.975308780552915
-4.836966868016022,8.839932536056791
-4.004751842313316,-5.582099991317965
-3.9102133994320236,-4.181023767693208
-4.627797101622743,-2.4760805040349285
