-28.27432,2.307186
-14.398319,0.35179818
-1.0017748,42.540253
-18.747402,8.327953
10.644138,-14.736412
17.818882,43.644314
0.3935488,33.79136
28.019028,16.986513
14.542607,-16.227549
-24.064892,12.015437
17.460035,42.895058
1.6092771,-8.757567
-24.370533,12.46923
0.16152999,43.61754
-10.381234,-17.858122
-3.3730817,43.193726
1.6641484,-24.555332
31.426903,12.067404
-7.509472,-12.847509
14.193947,-15.454338
1.7277567,-6.289997
-0.45718932,43.573273
-8.982609,-21.628143
-3.1139348,-7.015113
26.709244,7.3308125
25.931843,0.8591296
5.8778653,-26.287582
-21.720083,9.947751
1.540203,-14.346816
-0.28054073,-8.089879
-4.19146,-19.13112
4.151777,-24.236803
14.338966,-16.545853
-12.424454,-20.32503
-0.19315423,-19.056822
-0.4285272,-25.79109
-1.8377534,-25.200605
24.77866,7.303246
2.3535135,-22.757843
-17.95124,7.800395
-2.7435136,6.045531
-0.9893244,-11.239134
-25.853241,12.163654
3.3268397,-14.499073
0.7789268,-14.185834
-27.26448,2.8933446
14.660235,-16.097673
15.212931,-17.137577
-23.47879,13.261048
-2.0827832,8.59473
-24.095417,13.520104
6.290126,35.978703
-21.591413,8.370839
-0.805893,-29.68469
17.731817,42.746326
-4.1263537,-11.000398
-27.106672,3.7282445
-2.7596922,-9.33915
27.558964,1.6101102
28.051199,18.289053
-19.95459,8.392523
-0.5881918,-24.179235
-3.6238875,-23.791046
19.660118,44.549065
-4.374102,-10.404495
-6.2487397,41.332718
19.148844,8.397189
-1.8203344,-23.478285
-19.377522,12.67081
-3.8955135,-8.791412
17.01579,41.60836
15.175114,-16.53266
-25.87826,3.168639
-23.964369,9.748448
3.8328812,-15.413304
1.1471504,-12.211728
-18.771845,6.622982
1.6391687,-24.388
-16.772472,9.633021
16.598312,-17.490915
5.670898,-11.80445
-19.037586,7.5069666
-14.884054,1.2196207
-1.6785396,-12.499436
-18.28409,0.8183571
29.581488,0.91098714
7.1496983,-15.85835
2.1366713,-28.677765
-8.254733,-24.6209
6.391091,-18.101385
-1.6768224,7.594165
-1.9927931,-19.923862
1.4820179,35.751938
-10.700383,-20.048815
17.815338,7.893606
-25.495382,11.580338
-28.904627,3.7635906
-4.856834,-12.045376
31.682693,14.005502
-14.651488,0.34105185
5.8719277,-22.1431
-22.822317,12.855121
-9.190017,-23.701845
25.872402,6.3922663
-1.7868117,6.106224
12.824422,-19.472805
7.5070987,34.056213
14.311561,-17.117323
31.032986,16.356441
-14.990848,0.8620884
-17.71953,7.554754
2.557156,29.227962
0.15000707,-26.297031
0.44653222,-21.11161
-2.5017078,-10.7316
-8.310115,-21.299583
14.433721,-16.671371
-2.1405296,-8.395436
-11.479903,-22.018549
27.108654,-0.07612945
0.22846176,-24.146677
0.008728304,-23.524168
-25.645866,12.541579
-3.4831622,-8.757285
-19.399948,9.479038
-24.09235,12.296662
-20.56111,11.763422
-3.1642432,43.522438
15.877706,7.78903
-21.001005,9.433534
21.772707,7.8873644
-0.74745274,34.771572
17.497112,8.631182
1.1809472,-12.278157
-7.4999886,-13.809405
13.337808,-15.251433
2.6190484,-13.767868
-0.9401003,-25.336544
-3.4232523,-17.124205
-1.4216727,-19.199295
-23.14039,11.298261
25.499926,8.332633
-19.772203,8.850487
-3.2392144,-9.466952
-15.645393,-0.045260843
-28.40246,3.1529822
1.452345,-7.3747067
17.833864,43.32642
0.30775595,43.890697
1.7053424,33.672276
-0.7841568,-7.395204
-5.040616,-8.5469
-7.0039425,-1.2811676
27.748953,1.1292386
4.1161623,-14.675218
10.6072855,-18.955854
11.928062,-11.939383
2.4103198,-9.94679
29.144596,1.1037018
-19.16683,11.716264
-20.877497,10.6938
16.819769,7.8003435
-17.340414,10.335452
16.672148,8.406742
4.4536953,-26.442919
2.639914,29.719175
4.016683,-13.108102
25.291689,6.8125067
3.352267,-8.475867
1.4343061,-27.195024
17.999884,8.961426
-2.1555548,10.680139
-9.330156,-19.872694
-2.041548,-27.04772
-7.4088607,-12.740107
-0.34699023,-25.0242
4.0418878,35.15603
-5.10724,38.69358
1.7814809,37.66472
-26.419136,4.78946
-15.316612,9.342579
1.639361,-31.58874
-3.5844748,8.874926
25.681345,6.888633
-0.9323066,34.325527
18.248112,8.482452
-11.5805235,-19.71582
3.185864,-22.705637
-1.0700113,36.569542
-5.907063,-18.25997
-11.869847,-16.992392
4.8088856,-13.287007
-13.187073,-0.53966165
16.58766,-16.910646
-3.7617428,-8.007258
32.71377,15.021665
-10.772557,-16.199259
2.8044095,-11.247469
-24.460764,5.3401046
-0.97299373,36.667175
-6.9918747,-19.524946
5.180285,-25.593287
-1.0657457,35.467026
-25.582794,3.329637
-4.1165166,41.061348
5.192658,-9.812627
-1.7929535,-19.628311
15.964041,-17.603298
-11.086452,-21.039452
31.827856,15.401184
3.011925,30.125448
-0.68641794,-23.161194
3.2211711,-11.566676
0.6079727,-27.011982
-3.4914634,-20.33144
-26.79328,4.052016
5.643368,35.885597
25.621649,6.896544
-3.173661,-13.5319
-9.878712,-19.224056
28.673822,16.277025
-5.932109,42.14951
-3.1288123,-23.175768
-19.498245,6.7801533
33.07984,14.399841
-24.273552,9.836994
-10.228892,-19.289059
30.558561,3.4982398
-13.513722,-17.944792
0.7179541,-27.256123
0.63678193,0.5251962
-0.796903,37.17119
28.447304,19.006128
0.9165984,33.714767
-10.788302,-19.028894
-0.98871595,-27.21658
-15.26733,0.66176033
-10.352083,-11.310203
-16.514553,0.60478395
16.87641,7.246309
29.235834,15.468011
28.2418,2.1459656
27.99694,17.547691
16.443705,-13.920737
19.356892,44.34535
-2.6235695,42.03652
-25.21827,8.116576
-28.678656,2.2049186
-10.629079,-21.675394
-4.129347,-29.920052
-0.6311163,37.63062
-5.9131618,-9.091531
-3.9329994,42.074406
-20.830214,3.1720588
2.8029885,-17.34805
24.688442,6.6521306
-20.459236,0.23123725
-1.4771178,-22.939829
-4.0720944,8.1618185
28.041224,8.367919
4.4344444,29.542969
-7.943354,-19.466473
4.1676083,-7.194159
-4.004861,-14.365058
-4.273609,40.123714
3.480675,30.619465
-2.7075245,-15.504032
-4.753998,-16.767433
29.837896,0.97503775
-2.470595,37.88078
-5.9981704,0.28528953
0.91052896,-19.335564
-6.8221416,-1.382865
-5.6597013,-7.352531
0.084795244,-28.34728
-26.595655,3.5997841
18.829683,8.396825
15.178188,-18.76105
30.87811,13.986417
-19.122704,6.3420253
1.2820851,-23.220375
-20.098898,9.071271
-7.7415867,-12.125363
-0.041880637,-9.048348
-1.747378,-19.56601
3.628702,33.455208
1.8211029,-23.701853
-7.3894773,-5.260852
-26.837307,1.9582139
-13.476218,-1.9900303
-3.714323,-18.04377
-15.577652,1.6954919
-15.644971,1.435031
1.770683,-12.561895
-27.849394,2.7660527
-3.357072,-7.926412
7.6882915,34.594383
-2.441243,41.719727
24.061062,7.3565087
18.23809,42.69103
13.824364,-16.33406
-21.902014,10.893542
-3.1169238,41.525375
-12.447728,-16.429073
-19.301016,0.41809896
-1.8689948,-22.508053
-29.132868,1.2739236
2.3476744,-12.688246
29.198305,0.081025586
-2.491947,-19.680202
27.31331,6.677628
4.5216846,-12.215981
6.4177833,-16.331438
17.496864,42.417385
-2.9031148,-20.637518
3.2715259,-12.437841
0.80612314,35.901527
0.26937,-23.334284
13.952213,-18.129086
-20.965246,3.241875
3.9111352,-11.59663
-4.846283,-11.856956
14.305876,-16.015312
0.73929477,34.85903
-3.539148,8.036141
3.0524676,-15.535615
-0.1973541,-22.044983
-19.558607,13.078074
2.9075599,32.301643
1.6699198,35.873745
14.703393,-17.09112
-0.32312685,-31.51729
-5.259988,-9.279448
16.645275,7.519674
-5.745901,-6.4998946
-24.073883,7.9564776
-6.4285173,-22.68186
-13.154942,-20.080791
-19.6826,9.148479
3.8515542,31.429796
-27.892645,1.2893159
-24.238176,6.29597
4.221213,36.48753
-10.925074,-20.369057
-18.851543,8.301578
2.2247944,35.496956
-27.76518,2.8823295
3.4228113,28.282389
25.18816,5.873858
-1.1821436,38.33331
2.2191834,-10.356681
-7.0487113,-8.295067
-0.52867764,-20.831244
3.7959824,37.32244
32.829346,15.244541
0.8277242,42.445778
-4.4235625,-8.109039
26.63997,7.528814
3.878699,35.58483
-21.379896,7.6838775
26.806833,8.967955
-6.3715124,1.3838116
-17.788473,7.333239
-0.45642093,-22.33155
29.065954,15.525902
-3.2700093,-10.706634
-2.7073653,-27.598793
-0.20630871,42.328697
-9.73165,-20.106201
-25.346104,8.7261305
1.610418,40.338326
1.0527438,43.418262
-2.8130405,-29.336432
-0.6372719,-23.717508
14.808272,-14.887588
-12.12087,-22.210905
-5.9085207,40.08607
17.742722,8.040515
-5.669376,-14.288825
-5.4933643,39.186287
-4.707282,-25.363468
-9.802237,-21.351112
-0.7575576,-23.76244
-0.2421275,-20.932323
3.795247,-23.450474
-2.003348,9.0942335
2.244823,-27.139965
0.11236683,-16.652937
15.074825,8.043712
-3.9822154,-4.3332057
18.289515,43.830486
-3.9021702,-21.572607
-3.7723694,40.008575
-4.2620225,-10.281587
-2.0434911,-10.160392
18.162199,42.897682
-6.275664,1.633584
-15.624343,0.70683706
-5.506139,-11.931122
-14.893707,0.049523205
-19.213575,7.905877
2.1544862,34.25421
0.60539734,0.47234195
2.7604816,28.758738
-6.025257,1.8232317
-1.7113955,-6.200479
4.7875576,-11.462779
4.4056954,30.340414
-21.596407,9.999534
27.867434,14.908654
-3.435152,-12.327705
-27.001837,2.2045374
26.426985,7.0985126
33.7963,13.252761
29.162367,18.699305
-7.210032,-12.189859
-3.2549064,42.85974
-26.710808,2.9620092
-2.2978408,-6.5155153
26.629654,8.079623
1.1018635,37.404564
3.2583692,30.743956
-10.808799,-18.628239
-24.704813,10.0786085
-17.669886,-0.8003508
1.6001862,35.094315
-20.688541,10.714344
7.4045734,34.284172
-9.389521,-22.657822
-9.2557125,-17.042032
6.8367934,35.998943
29.84867,17.357311
-2.8646765,42.23475
-2.8449745,-7.5809646
-1.0148292,-19.09281
-21.734348,7.1160254
-2.4775941,-13.762486
2.8679118,-10.654617
12.547705,-15.149131
32.72541,17.037683
29.218609,2.580611
-22.454632,9.350496
15.0928955,-17.244215
-1.2209313,38.169502
0.21840107,-12.217415
0.18102759,-22.277987
13.476881,-15.546496
4.1383343,38.3841
-10.18034,-21.028593
26.23604,6.7173314
33.964645,16.258022
-20.115404,7.0648136
-18.430212,5.3662324
-0.56002706,37.668995
-14.00402,6.706887
0.24333686,-27.167522
1.4308105,34.48253
3.814917,29.117908
-13.967525,-0.1743849
15.293154,-14.322862
28.931355,15.849934
-3.8432555,-10.970947
16.140413,-16.828218
28.954876,16.781513
0.5405211,-23.402246
-7.400669,-11.788138
-4.0394473,-20.928225
-24.212046,10.456762
16.80659,7.9716916
28.488598,1.8521854
2.0663002,-19.259306
31.15475,15.1099205
-0.938617,-18.868896
4.0005703,-22.321947
2.277561,38.556705
-8.578487,-10.694227
-3.6289465,-9.948697
1.7514592,36.182716
16.391848,8.033623
28.231153,16.748459
31.483599,14.480678
-13.532223,-19.13326
6.2991176,-16.447142
-20.60061,11.278819
0.11476062,-25.722456
-20.0331,8.431673
6.630475,37.217773
-20.967594,10.508337
-0.43236905,-26.84843
1.091641,-16.935171
-13.492547,-21.723082
27.875721,14.360833
-21.270939,13.902961
-10.193839,-21.607853
-1.8883233,9.345785
-7.9820795,-23.309776
-29.34122,3.298604
-15.262685,0.6067013
-0.73645866,34.977978
27.266493,12.956819
-4.566831,-8.775778
-2.3582308,42.200634
0.22885884,-14.15701
-24.144878,7.947663
1.7065053,-22.640213
6.097461,-19.32871
-11.274871,-18.833305
-23.391146,4.675302
2.8411973,-11.867005
5.3121853,30.702568
-0.78105134,-22.802395
21.112312,11.602332
32.353065,14.060144
-11.686203,-19.661224
29.134924,4.10164
27.312853,14.684905
25.624062,6.599135
1.5531011,-11.923884
-1.8174126,10.483745
-16.577585,1.7069395
16.49445,7.960514
29.458448,3.3413577
2.6480744,-11.125369
-8.578443,-16.285551
-7.851389,-12.249613
1.061378,-10.81016
27.858458,0.9439753
1.170641,36.303482
0.6608018,-23.432272
-24.536741,11.29197
-20.766388,7.1863775
-19.191427,5.7884355
-1.5276864,9.702241
-2.6096017,-16.796879
25.407686,12.253744
17.195337,42.081505
14.784855,-15.371724
-1.6973513,-27.861217
-16.50962,8.78334
-5.799733,-2.4922898
2.776993,-12.622556
-4.841415,-19.383636
1.4969313,-10.2381735
14.009597,-15.932582
27.380142,16.755386
-8.417107,-12.625615
-1.247854,9.916606
-3.8382428,9.159877
0.84062725,42.135498
2.6541736,35.566338
-2.6476996,41.767143
-17.731945,-0.79850197
-1.6947918,-23.155436
4.3632245,29.279068
25.570972,6.830366
0.23733406,-25.90866
-1.0295427,-18.389826
-24.026855,9.892617
-26.98866,2.575962
14.809209,-13.2391405
18.030113,42.31147
25.599436,7.1048536
-12.733921,-19.775772
16.735895,8.322551
6.5035157,34.811096
-15.565382,0.35154966
14.317494,-14.208479
1.8848886,31.4254
28.59093,13.187716
29.048128,14.640165
-1.5561466,-28.269173
4.068748,38.310345
18.293957,42.22964
-15.135543,9.382738
-3.6878798,-7.007785
-1.4773802,9.54742
4.5535407,-18.72094
0.0883092,-23.177298
-4.769036,40.61676
14.020539,-12.5833025
28.101236,18.1366
-6.835161,-14.628151
5.1853867,-19.881521
16.082586,-15.9270115
-28.985064,2.2695825
-4.3921757,42.2885
27.15412,6.702591
2.7689154,33.99031
0.86929005,-27.708569
32.65973,13.43596
-7.8597097,-9.920418
-15.12134,-0.2878546
33.602177,14.09169
1.4931233,-13.054063
7.4979444,34.061153
-0.03254475,-24.315466
5.6442084,-22.739386
-2.80671,-24.779226
-17.440947,8.745424
-5.917158,-11.288937
-19.16237,0.37547138
27.225504,8.76721
27.630974,0.5067142
-5.0294204,-18.471806
-21.906174,8.695132
-6.840512,-13.478622
-23.948984,11.68396
4.2415004,38.33168
32.037422,14.280514
1.3535111,-11.94282
13.679422,-17.302586
1.8212447,36.540417
15.547432,-16.338156
-9.041425,-12.236692
1.639194,-31.58897
-27.373114,2.241126
-1.7230257,40.767696
3.9326305,31.435114
-3.7074609,42.729237
-26.59199,3.055368
0.26380104,-24.653315
-3.0591426,-18.464684
5.872547,-23.81316
3.627158,-29.444809
-4.845719,-6.1833267
-18.334387,0.7255925
-17.675474,5.8938074
-3.8885036,-17.40528
17.223871,42.077477
-0.016325105,-25.9164
1.1937255,-29.012827
-20.621687,12.003227
3.2751927,-25.133062
13.757675,-13.733905
-27.273415,2.6692004
2.843273,-11.069902
-1.8835454,9.955956
4.24492,-10.386769
14.239393,-14.4570675
-19.708633,9.433087
2.252549,29.06089
3.196696,34.233604
-4.585539,-18.066204
-17.78948,11.579525
-15.861422,9.106788
-3.0203733,41.411125
28.52875,-0.43982437
-6.1596236,-20.297726
27.607244,7.555813
-27.243046,4.315391
16.057444,-14.74705
17.24616,43.06467
-16.203047,8.153805
0.73878616,-10.805595
14.985632,-16.90192
-4.988068,-7.5630836
30.565222,12.814041
3.1235287,-13.738948
-21.410563,9.623955
17.752363,42.984306
-25.563667,2.4540505
1.7097411,-11.703665
-4.1713905,-7.258056
27.936522,3.3475273
-6.671419,-13.714308
3.337296,35.594143
21.975178,7.0117626
-16.061367,0.83263296
-0.27164966,-23.380613
-26.030348,3.9963288
29.258724,2.7298698
-1.1671474,-24.37448
3.9771712,38.061203
-6.350487,1.3709879
-1.1399719,42.292927
-19.815481,12.839627
-4.4143744,43.295372
-26.016462,10.901977
-4.827318,-27.372272
-8.491075,-6.831236
18.359142,-15.638263
-4.9833417,39.675068
0.57905424,43.12608
10.758582,-16.674055
-15.582895,1.7061334
-4.152575,8.625738
-7.035279,-20.995907
24.635847,6.4203963
-7.345371,-12.42195
-12.32189,-19.592836
-24.422676,12.861866
-2.017544,-18.527422
-16.57064,9.26847
-3.3023498,-11.460193
-19.764662,8.985772
6.355605,-25.081175
29.238064,16.500088
19.422947,6.2590547
-0.34671378,43.115276
-14.771641,-18.963356
17.723555,42.80604
6.99146,35.92138
-0.95062476,42.09863
32.11429,17.59589
16.823526,-16.235302
-4.80464,-14.013679
-1.086485,42.534336
6.759114,37.43766
29.372822,1.5957104
0.23703529,-10.25843
-21.61223,8.683239
18.16116,-16.487171
0.60706645,-7.3393645
15.55649,-17.594473
-0.39534068,-11.362159
-2.7555854,41.81325
-16.494448,0.44819117
-0.59088075,-25.676113
-19.823927,8.975037
-4.2869706,-23.89289
-24.82779,9.9058485
6.1238384,-18.47089
-1.1204087,-19.265354
15.8556185,-16.539911
-19.423634,12.642365
-4.553285,40.561047
33.059093,13.143394
2.7696865,-11.814276
-3.2318606,42.652447
16.106062,-17.023863
1.7298526,-10.897662
-13.301122,-20.826246
-0.045732968,36.965046
-1.9974067,-19.470583
13.938942,-17.468826
3.5713794,29.669884
-26.410105,3.169569
22.950464,8.931987
14.924195,-20.255775
-19.834417,10.231118
5.9972453,37.287052
3.2513177,30.669432
-24.56969,9.831521
-1.7786499,7.6732774
-3.7208161,42.31015
28.969484,18.187468
-2.8989673,-8.397778
-27.82204,3.3933117
-7.002148,-9.365413
-4.7816133,-15.930997
5.2975483,-10.847583
4.025651,30.410686
31.678173,13.063391
30.149817,15.45529
-10.0544405,-20.834448
31.357332,14.054548
-19.204424,12.897685
14.749136,-15.788379
3.1529074,-11.965152
0.7860053,-8.639643
-1.349112,-6.860715
2.1779895,-13.104385
-4.3579707,-9.321663
-18.36128,9.082379
7.754703,34.11751
0.105946735,-11.36925
-26.785437,10.151442
2.4125345,30.776468
-12.664976,-18.729654
-2.4688811,41.016537
29.2792,17.784971
33.783424,15.693419
-0.8055223,-29.685001
32.681877,14.484551
26.111664,6.357465
-22.836615,7.326716
-25.824348,2.0021436
15.463545,-16.373442
-4.0045676,-6.6344123
-9.795381,-18.43657
-5.2279487,-8.492055
6.8325186,-11.925814
21.309309,11.245598
-3.5816865,7.953702
2.2063375,32.695324
16.089552,-14.283285
-0.35083413,-23.475609
-1.8643719,9.982599
28.092787,0.36568
33.436752,14.694161
-1.3135257,-10.370884
2.4710853,31.40947
28.217709,1.0521231
-17.174807,7.935604
1.4348341,-26.411188
29.649067,0.88081914
15.815622,-15.733776
-2.9038405,6.798712
16.276579,6.7653832
22.06267,6.992807
0.24657142,-25.79048
20.922354,10.86632
-3.2446465,-26.312807
-4.8673143,39.72233
-20.222815,8.833712
27.43612,0.40089586
1.0101788,35.613075
2.0235186,-25.044115
-19.309855,10.233769
15.588972,-15.7002125
3.1409037,-11.107293
3.5984266,-24.02751
-1.1174794,-19.840631
12.216665,-14.161793
-2.132924,-18.097582
2.3971334,-30.022142
-4.427532,-19.646591
-10.855227,-19.905857
-12.592671,-20.924582
0.06957877,-5.776792
-1.7539157,-20.610014
28.094896,15.458682
-6.3480506,1.4608314
-1.8305166,9.925898
2.5897553,-12.328122
11.707501,-20.486794
4.2319036,29.153646
-20.887054,8.291469
4.495672,-20.827984
-0.7737951,42.69477
-10.86831,-20.150614
0.40945184,-11.006294
-20.205795,10.980008
-4.017135,43.798744
1.6517781,-12.143651
-3.906319,-27.740648
-18.559805,7.7158
33.58741,15.068921
14.372578,-14.819175
6.8817844,34.563843
17.087318,-15.60823
5.48734,-22.706234
3.6632276,34.392036
1.2744973,-27.882008
12.183189,-18.714312
17.612644,42.96305
18.583614,7.9002934
-0.67853487,-15.013786
-6.8482685,-1.3429189
15.470279,-15.553314
-6.9926376,-21.902193
-6.398987,41.399567
-5.3026137,-5.4969864
-0.39035735,-24.513609
-24.193089,9.850267
21.263914,8.254787
1.9520606,-12.495017
7.836313,34.120956
-22.90815,6.440513
28.901485,3.4238367
28.631943,14.222249
-22.100065,11.548769
21.203756,9.246938
16.902386,42.032806
2.3335114,-28.191332
-1.719242,-8.280705
-5.2073693,-7.252024
27.3865,16.578516
17.577604,7.090884
-5.636002,-20.056906
17.14159,8.123204
-4.1583095,-16.428804
-3.1904852,-8.680427
16.180658,7.715877
15.102567,-16.219973
26.564161,1.0353945
29.701292,14.381464
3.0142944,-7.2831016
-15.501433,-0.74068516
-7.335047,-12.743968
-26.733805,3.2664018
-3.4858134,8.11202
-7.7324247,-21.007376
-3.3048112,-22.499464
-0.8698626,-13.507806
3.65585,36.738277
1.9023281,-14.066193
2.2030048,28.66016
1.0251286,-23.921265
27.650702,1.9654304
-1.9497379,10.179762
2.4132178,31.145956
-2.250448,8.483062
-4.969714,-17.28487
-4.809422,-12.591687
29.858885,18.237947
1.0057038,-28.492493
-3.859963,-8.519102
-3.137485,-18.374762
4.4819894,29.375519
-19.003565,9.182465
-3.0445812,-26.922482
-0.0692058,43.683434
-0.20381984,43.965675
-23.736263,8.623019
-1.8811046,9.070176
-2.656068,-17.547972
-0.66872895,42.341087
2.7523816,-26.768555
-3.2879727,-2.7805278
25.561407,6.977876
27.769909,10.827181
-0.1873725,-18.539867
-5.722364,-25.020657
27.675549,18.336748
-7.835375,-18.98283
28.209072,18.420898
-5.8618608,-14.760763
-7.783637,-13.201441
15.230338,-16.33344
-9.036881,-17.968952
-2.8506398,42.590504
2.6963606,28.477663
-3.1465049,41.105
0.6203337,-27.24717
1.0850074,-28.761345
13.215093,-15.021817
-2.2956104,41.283325
-1.1828191,43.981533
11.95722,-15.395502
-26.31878,2.3434806
2.5108182,34.746128
-3.520355,-9.703959
17.737638,42.99713
-0.59084153,42.12858
-0.0961814,-23.610722
-2.735082,-7.1565433
-1.157942,-27.476997
14.880512,-15.419452
-22.633535,11.522969
15.123774,-16.343262
24.244297,12.05115
3.7507908,-9.474257
-20.37813,7.9588604
-1.6955625,9.930095
2.4850492,-12.5679455
-1.5853001,40.2106
25.547539,6.5693655
20.365536,8.044493
18.100557,43.494286
2.599495,33.27764
9.197267,-14.747647
3.2552013,34.162457
-0.01401371,-18.432175
0.87956786,-26.428434
-3.1733944,-21.22235
-10.056933,-18.722435
-11.632623,-21.393034
0.96932113,-15.70465
16.13584,-14.653788
-1.8068755,-7.794994
-2.7135134,-8.655758
4.256784,38.18849
2.8545861,-19.97166
-7.7981515,-15.961465
6.0281477,-19.047903
-0.49679932,37.012543
-25.259388,9.842505
-8.977543,-14.811978
26.769182,8.27835
-15.264985,0.1017431
29.326878,1.2359855
-2.7884715,-9.871886
15.921987,-14.519619
-3.8469856,-7.98258
-1.2318387,-26.001131
-17.469477,8.077145
0.3261064,-27.393063
26.872791,6.547737
-2.5325475,-21.438108
-26.415907,2.7373707
-3.4859488,-19.334076
5.949945,-18.479803
1.5868691,36.282726
-3.9059243,-15.281587
-3.3115466,43.006416
-2.405177,-17.960781
32.127068,14.604652
5.685741,-12.6268425
27.401161,17.246931
1.6057158,38.343243
1.2870458,-11.093965
-2.9953046,43.99909
-0.26388085,-13.263956
-3.4685903,5.040603
-5.0586,-6.6864014
29.853987,1.765126
-14.709284,2.1147432
-9.945611,-19.749832
-4.0119133,-8.42835
16.928022,8.062047
13.865324,-16.844631
-2.3986845,-14.222127
18.147552,42.70996
-2.0228875,42.205013
-1.30881,-18.049196
29.356445,3.2633545
-21.614029,8.25915
-3.6532736,-18.09909
-18.519495,12.3866205
-0.5917317,36.348663
2.0565226,41.491676
-14.386988,-20.639587
27.0051,6.231755
5.24661,-23.152618
28.3881,-0.09821739
17.263102,43.338413
-17.711636,12.286597
-2.2764819,-9.538316
1.8902982,-12.297502
-3.1199915,-16.359556
-25.753202,1.7219812
-2.5808353,-7.603652
3.1950154,31.82857
-12.023239,-19.958597
-1.1658577,-24.089052
-20.293484,7.3568206
16.486107,-15.453226
-24.802544,9.408675
18.236067,44.035496
-21.005655,8.774515
-3.4790926,5.020909
-2.5997195,-19.573746
3.8695486,33.719986
25.484245,9.377945
-11.755614,-18.981163
-24.050444,3.6324189
-1.8136314,9.920545
17.370003,-13.903554
-9.943942,-1.0079238
22.055809,7.666193
-23.519375,7.62471
-0.44456798,42.696545
-1.434937,10.1517
-0.9075072,41.410225
-6.968873,-10.75665
-20.24645,5.593881
16.278122,7.4760084
5.045889,29.63632
-23.05691,8.923117
-21.562328,9.422726
-3.3645914,-25.404678
-1.9326074,41.694572
-2.6372037,-11.184664
-19.326965,7.336833
-3.4474564,8.757768
-20.816097,0.27913076
-3.7350185,8.8930235
-22.5614,12.048489
-2.7055488,43.28131
3.8458397,31.908825
-0.9382689,41.147823
-6.5342464,-13.345183
3.2576358,-25.44037
26.663605,8.338288
-22.535398,8.926924
-25.358168,7.7410283
-19.748444,8.885818
-3.1013627,43.075825
-6.954573,-7.6536884
-2.1390557,41.791714
28.224123,13.155957
-1.58911,-26.528082
1.4269959,-13.675302
-2.403347,-7.936439
28.069023,0.5493141
1.3672467,-24.551699
29.299444,2.211192
-6.0302362,-5.8921175
31.168463,14.678895
1.6361372,36.330383
-3.5574348,-2.8096538
27.403717,17.732962
-2.2224283,-16.363718
30.590094,13.592428
-21.529812,5.911857
31.845865,13.537708
-19.004183,7.6547313
6.0917435,33.751873
18.926268,9.282672
16.926613,43.483013
8.8245735,-20.136099
-20.495655,12.65884
1.6660358,-20.23927
8.728133,-16.591217
0.54867274,-13.260052
-19.313463,8.877276
-10.555406,-20.593048
-23.004389,10.658983
-1.284332,-15.600462
-0.5564737,-12.292494
0.89129627,-22.395521
25.226912,14.18982
4.951195,-19.893652
2.8732414,30.235935
-3.805368,-23.072386
-12.065481,-20.67172
-22.237951,10.034414
-17.480774,5.9326396
-20.580755,13.296453
-20.841955,0.27446592
-26.773342,3.1883695
1.325351,-27.992031
17.754528,43.188362
-28.067268,2.7190855
-3.3685489,-17.74569
-2.5095081,-8.911417
0.3733373,-29.793112
5.813159,-26.116682
-7.5353847,-17.423098
-1.9233379,41.403656
-8.447553,-20.378843
-21.567764,10.026837
17.43305,-19.067247
17.384167,-16.927374
-1.1026915,36.11547
28.042913,2.0889838
-3.0009632,-10.49144
-3.1700206,-8.278567
-2.013957,41.493324
0.86781126,-10.093212
16.72115,7.452385
2.1653292,-26.232107
-24.833548,9.959861
12.0027,-16.347305
-2.4467754,11.082741
26.64336,6.9784155
-27.470686,2.8672779
-19.893116,8.643379
-2.663286,-10.131022
1.4023405,-18.577087
28.254108,17.111225
-10.291031,-15.521822
-6.4921727,-17.949005
-6.3396435,1.4100759
-3.924618,-8.759032
-10.883954,-19.082996
0.8668382,-12.864716
-1.788611,-19.6055
-3.0834022,-5.91056
-5.542113,-11.298446
15.568761,-17.309252
28.047401,17.115273
15.270554,-12.375106
27.770306,8.2257
-2.7579136,-25.744425
-16.078165,-0.13514994
-3.1403842,-18.763668
-2.553992,-23.031723
-7.186641,-3.0225391
0.49430624,-24.058287
13.212802,-16.375975
-0.7744391,-27.500128
-26.576353,1.8154415
-0.74574476,-23.897827
-2.0376132,-17.802153
18.832605,42.759407
-15.550343,5.0330596
-24.247852,12.510572
-6.9528136,-20.04697
2.5404766,-9.06168
-3.7116234,43.176334
-20.106884,7.4817233
2.2524576,-27.21795
2.1722784,35.81381
12.799231,-14.126284
-2.23974,39.162525
-8.658118,-18.671944
-3.450219,43.182964
-2.2726903,-30.893055
-27.821291,3.827879
-11.558292,-17.29536
-2.2603974,-18.852114
-2.6620686,42.045692
-2.3579848,9.378338
6.2634945,35.953854
-0.04288415,-17.560698
-2.4374537,11.041368
26.727705,7.403725
26.081818,8.076797
-14.847633,-17.413786
16.598042,7.977025
-10.133124,-20.037292
29.594244,16.608978
15.544024,-13.418598
-3.5845091,4.8901014
-17.028837,7.0336585
-1.1571455,-24.724
-4.3594,-6.1442533
-2.8757005,44.670723
32.908443,13.799108
-11.260896,-20.571718
26.361416,13.725936
25.796139,8.795936
4.2579427,34.543484
-19.579258,10.0243435
26.632267,16.175583
-17.548573,9.462769
-1.7302157,-9.558168
-23.91711,7.531463
-3.380696,43.538914
-7.058715,-6.632796
0.3157644,-24.506857
-0.5562868,-24.442528
6.737067,-24.895662
-2.4760551,43.747593
-4.1807566,-7.6690044
-28.613125,2.9689903
-3.8019767,-9.200896
2.667503,-12.482875
-15.364396,3.161334
28.285143,0.63596267
-26.039612,9.593576
3.397942,29.770489
-21.191654,11.092567
14.929179,-13.679657
-13.139129,-19.218243
29.267471,17.995401
0.90327305,-13.710361
2.1754618,-21.080244
28.87546,1.771322
3.57568,-27.853848
-14.82083,-0.5477507
-0.5217146,-19.336712
-13.008138,-17.647781
-1.212932,-8.236497
-11.202787,-19.584366
20.155561,9.815058
2.973248,-13.221712
27.045332,8.325119
-1.0783275,-9.205107
28.527023,2.275081
3.929397,-11.459525
-0.79278314,-28.504942
1.9333396,29.469269
4.64754,-25.099613
-2.720212,-7.876601
-14.899794,0.7893035
-1.9981686,-24.825745
22.026234,7.6821213
20.989214,11.230726
19.695377,44.576023
28.858318,3.8259254
-4.7415237,38.851704
-18.43848,10.382337
-8.205347,-20.133503
-8.436444,-13.346774
-10.189271,-17.058973
2.2226384,-23.995392
2.4236472,34.49521
24.88507,7.662753
1.8692495,-10.875473
32.985176,15.375897
-24.342133,9.927339
1.1025114,36.346703
-19.733631,11.981362
32.353443,15.604093
-16.780977,7.67525
2.5096765,30.292221
-29.052204,4.3131084
-25.137768,10.194589
26.045336,6.0936627
-2.1135468,9.244645
1.6195376,-22.930227
-3.0218863,-5.148413
-6.497575,-7.0471354
1.4412502,34.191757
1.5473976,35.786316
26.738888,8.261096
-19.397133,11.918133
30.551092,16.042942
-6.9462805,-12.687562
19.838327,7.742758
0.32007214,-25.05582
1.1739664,36.522717
21.313448,8.277228
-2.814406,-29.337149
-26.910187,0.87322974
-20.406216,14.102322
-2.9626033,-12.038023
26.327778,8.249919
-9.675016,-20.646801
1.8445581,35.98402
-12.661457,-21.634699
1.5934464,-13.191442
-2.2177403,42.42738
12.429771,-17.580328
4.4080825,-10.812038
7.1433845,35.321495
-6.804666,-1.3872335
2.2654269,30.683418
-20.656351,7.7448235
28.721624,17.225895
1.0114237,-24.252316
-3.9320476,41.125275
27.785273,16.55957
-9.84764,-19.292393
1.2748753,-9.569646
17.126373,7.849788
1.4996908,-12.737825
-17.816628,-0.8749723
-18.9758,13.171778
3.9084482,36.62135
5.661744,-26.220936
-27.078146,1.4779447
0.35843962,-12.784755
2.3712518,-13.385727
-6.4522233,-2.301211
-4.2121425,-11.372898
-11.927412,-21.107897
1.7231325,36.021713
-25.130898,11.088786
-21.656012,8.137519
-1.6450593,-11.571544
3.9281592,-17.088518
-22.38626,10.759323
15.246687,-16.527275
-27.03141,12.542628
17.326752,-16.350494
29.999651,2.1408076
-10.167801,-23.740307
26.758686,8.213917
-24.865412,8.219755
-4.601767,-8.872306
-8.941585,-20.76625
-8.907379,-10.019425
-24.82635,9.90502
17.900772,41.626984
-3.485321,-21.483805
3.8731985,35.49358
-5.151335,39.481934
2.340583,33.732006
-0.013341044,-27.61905
0.080543146,-23.937597
-2.4036596,-8.731663
-2.2158468,41.417816
-3.6771636,-18.761803
-1.5403092,9.679866
3.582067,36.579845
-1.2141529,-19.556887
1.7568841,-16.31372
29.497904,15.837085
24.776169,7.483029
0.22587672,-27.441753
25.908308,7.474084
27.809519,7.829864
-5.5399265,39.912075
28.624926,1.666327
21.094957,11.046363
-5.2472696,-24.123861
25.648443,8.775752
31.816923,15.682111
2.8333182,-27.59947
17.695662,43.005447
31.376692,17.566168
2.254198,-11.343685
4.8407965,-16.230928
12.613262,-17.741402
16.153898,8.975723
-9.567177,-16.16794
1.6702436,34.4287
-21.156849,12.80468
-15.560875,0.5805501
2.8911808,30.28547
-3.5257237,39.369965
31.79716,15.194072
27.892982,8.20981
29.129118,16.784697
26.255215,8.064463
-2.0781412,44.103176
-16.646603,3.7725503
17.351204,-14.7344475
-6.245212,1.2289349
11.408443,-14.768913
0.034639977,36.370525
-2.227699,-7.160251
3.5903146,-21.315435
-21.517921,9.855791
-2.1550562,-22.22427
27.64707,17.154352
28.87457,17.070938
7.3973584,35.6108
0.90746343,42.736816
26.441826,2.5494404
3.5838225,-13.587933
29.08774,15.761246
26.911398,17.721321
-12.235512,-19.147226
-23.467352,12.048186
2.2256095,-24.891376
1.3570535,-14.866045
32.48263,14.207537
4.284598,-27.105396
-20.535046,9.901627
2.9333444,29.459581
-0.036616784,34.44373
-14.630421,-0.59962976
-24.742886,9.697385
-20.835505,8.740855
1.7614646,-17.796295
-2.3083014,42.495518
2.8319948,28.722097
1.5253448,-21.456757
-1.9108607,7.498275
2.1053267,-23.5793
-19.459618,8.811664
-15.834126,0.74840486
-19.479849,9.395864
-4.5219803,-7.7417927
-20.348755,8.9293585
6.8522716,36.25811
-19.361975,8.3815775
-1.9208714,8.154486
-0.17849725,-13.715785
0.6568096,0.50792474
-20.092113,12.426638
14.263745,-13.292065
-3.5626845,5.2480187
1.0245237,-13.064604
-2.8994856,5.8773303
-5.6304684,40.0833
-17.359684,8.450863
-18.510067,8.376506
-28.379768,3.367611
17.15423,7.8450294
17.412785,6.5244203
-2.9098625,5.9380302
0.24453956,-23.9884
1.7105383,-26.043396
-0.1639562,-26.574707
-26.671926,3.1341493
32.006832,14.669777
32.392456,16.638773
0.08876906,-20.119127
16.14254,-16.368263
-18.375637,9.650579
0.5776644,-11.994331
-19.38468,8.371833
30.349915,2.3929045
-8.456702,-17.426147
-5.3558064,39.29634
29.473715,13.32591
-13.509436,0.7761049
28.834965,0.112953745
1.793494,35.72616
-4.492951,38.61191
-19.16666,12.413675
26.481474,7.797457
4.8890796,31.69217
-1.8244666,-19.11652
0.7428541,40.01347
-3.5164049,-2.762682
-3.3229935,-9.783638
26.83526,16.885183
-12.113452,-18.542051
-18.609325,7.6265316
-5.1365604,-10.578739
-10.177581,-25.168756
4.1025515,29.2298
28.56856,16.190432
-18.976524,9.294199
26.315086,6.054716
-21.135122,0.35071167
-5.7558227,-8.762945
5.4929447,-13.453427
7.3028045,33.645847
27.963188,16.343824
-14.244411,1.392569
29.404823,1.1600721
0.08479627,-15.506725
1.82168,-13.126062
23.617199,8.385427
3.1090198,-5.5977535
3.6745665,32.484596
-2.4333181,-5.997612
26.234207,6.92217
-3.8794572,-20.102552
29.38158,1.9272243
-1.7709472,43.120525
6.544908,37.611675
17.58201,43.03732
33.987328,14.6704035
25.977032,7.7769704
-0.762519,-26.387424
-2.9913447,-8.078472
-7.307254,-18.41976
-3.0838845,40.069874
31.80653,16.629734
6.707903,-10.478958
-27.78141,4.101994
14.628262,-15.285262
-2.8368979,6.012946
-25.46138,7.895915
1.3703257,32.01238
-3.761895,-16.982738
17.201654,-17.795046
-10.926055,-19.572582
-18.193533,7.3610773
28.772476,16.30674
-1.7266158,10.014548
27.607777,16.202984
-28.253325,1.6207101
13.099912,-15.8891
11.539553,-13.668543
4.0201473,-12.595848
3.639024,31.500858
-10.968028,-21.005365
-8.74153,-10.411434
-5.2267456,-7.9622307
-1.6988274,-7.367355
3.8704884,-12.203374
2.1512797,-15.401744
-20.048193,6.2082295
-3.8789961,42.464954
-27.02578,12.539612
-6.6441336,-8.88663
-12.045738,-18.577139
21.095789,11.544191
2.3258271,-8.299473
27.695564,8.145395
28.799618,16.70427
28.320929,17.323378
20.363304,7.479939
32.73791,15.257241
29.228477,2.0362194
-3.5621603,4.7998276
-1.612541,-17.396595
0.03814741,39.37211
-2.3744345,37.874443
19.308596,44.255455
3.6271503,-29.444881
21.20975,8.284114
2.857147,-21.961452
-25.017136,2.9853911
-6.233891,-8.304342
0.4848866,-23.061005
27.888035,-0.8383836
2.0138123,-11.370113
-26.787138,10.151485
28.888226,17.366055
-9.337857,-18.50854
-1.8905535,-21.959486
-9.392907,-19.230728
-20.08339,13.810554
18.86254,42.71226
29.754238,17.002672
29.256313,1.1890551
13.7444,-16.766815
-24.697083,10.806504
-0.9897992,-17.316072
4.1412563,-13.819328
-5.962169,-12.385982
-11.047278,-17.691582
6.857968,36.3068
-1.454909,41.624424
-2.1659353,-21.098518
-25.7097,4.243133
25.310558,6.586896
0.42246532,42.50012
-6.7955422,-1.3511299
-1.2006147,-21.418297
-5.55302,-19.37441
-4.164233,-9.066571
-1.4698598,-21.17044
1.2422585,-11.969415
-7.342809,-13.277282
14.872495,-16.488062
18.366526,7.5612407
1.2874174,-12.558425
-4.1231356,-8.766343
-24.462421,9.555366
27.422287,0.48949182
-6.08652,-11.020863
28.680267,17.94475
5.0304317,-29.01607
11.217203,-15.758795
-28.071606,10.559299
-6.2990046,41.016293
-9.126802,-8.127519
-21.746807,10.0699415
1.9183683,-12.115175
29.300846,1.8802438
17.640377,42.946556
3.4710803,29.156034
-0.83422214,-22.250195
17.071653,7.728878
18.905432,43.803326
-5.9298434,-7.893621
13.199112,-13.245573
6.522468,36.48248
3.4891865,33.8912
16.86345,6.8428745
-7.962633,-7.7162385
-10.457832,-20.383959
26.648489,2.0064774
6.0601125,-18.541979
25.067123,7.8753433
14.5194,-18.90676
3.5122066,-13.051726
29.56227,3.6989825
3.5180862,37.581295
26.68822,0.14020237
-3.6295533,-7.0296583
-18.162846,1.6938443
-3.648354,-6.205871
0.08488813,-19.800247
1.9567783,30.035612
-5.5361776,-4.8285375
26.084839,6.6201353
31.568205,16.025274
17.516119,43.96828
-26.89682,4.8272595
-21.010927,6.4480844
1.1364413,35.936913
1.431297,34.08373
-5.7975264,-9.569655
-29.092407,2.291621
-3.5467954,-2.7904205
17.18905,43.992527
-22.806389,11.1408615
13.625105,-14.589545
4.2402205,-26.56662
-18.814949,9.844851
14.037534,-19.82851
-20.106853,9.397057
0.9854907,-21.93279
1.1060071,-26.0974
28.11402,0.021250762
1.0803258,39.653683
-2.2722313,-30.893158
1.0821652,36.5494
-18.564512,13.361166
-5.703414,-16.515188
0.1156561,-21.755882
-1.5233395,-18.879423
16.693968,9.348324
-0.46919355,41.60799
5.604677,33.782974
-4.139188,-29.92344
19.529716,8.920943
0.9229828,-12.429516
16.887943,9.155465
-25.007437,8.020375
-21.782299,7.73451
-5.6502724,-18.785688
15.750341,-19.060799
-26.030722,2.4322717
-1.0963416,-20.81249
32.112156,15.237687
6.62994,36.248856
-11.106911,-14.572689
19.09584,44.182243
-17.723969,9.709718
-11.518488,-15.707969
0.6451227,0.5366364
-21.086365,6.4553027
1.6637,-12.258244
19.1245,8.503509
0.616107,0.45625645
-21.66475,8.259376
-23.058193,9.995698
-16.61761,6.7568665
25.431995,7.4288445
-13.308151,-16.875456
25.948805,7.636862
-2.1141236,-20.580397
-3.4548116,-7.636288
-3.6736896,-9.064858
29.40101,1.4881462
-10.154863,-18.2074
14.761679,-17.182863
6.7174387,35.952877
-22.874899,10.970775
-19.89125,7.3044853
-5.9224663,-20.959963
-9.42925,-21.408722
21.646433,8.05816
-25.262093,2.8463116
0.22697288,-28.561594
5.9579926,36.198112
29.931555,13.713271
-2.016915,9.013451
17.035202,-17.895916
-4.7563033,-5.0746665
-21.129232,8.335378
5.0271063,-29.013018
-24.37928,10.651982
30.465797,1.787452
-8.02352,-8.592307
23.64741,9.696646
5.549409,-8.127166
3.4567308,-26.782389
15.534566,-14.797596
-23.29816,9.529272
32.231197,15.433799
-0.85324746,37.32144
-3.841246,-8.371324
28.405607,17.237307
-3.9573965,-18.275497
1.7239556,40.362457
13.923338,-15.931241
-6.491896,1.1084386
0.6973238,43.33352
0.6647545,-15.077437
-0.34348103,-12.812179
17.778013,43.260986
-1.2588669,42.695896
7.3372602,34.338287
0.2406303,-28.727434
-2.525692,42.349102
-6.1402717,-12.898114
27.531193,16.32498
-27.085623,3.3153477
28.689837,15.878013
-2.6062365,43.097908
17.63876,43.258392
5.0179496,-14.541024
-1.9632853,-24.441355
14.003674,85.46905
-20.726957,0.26321894
-2.7951038,-20.484713
0.65046555,-25.177498
6.564785,36.42503
-3.0142083,-6.6092806
-11.329878,-18.889866
-3.3359132,42.418648
-20.93142,12.163239
-3.4185987,4.816969
4.13697,38.336308
0.58763003,-12.3348255
-10.835121,-20.036922
-18.452314,0.7428321
-22.571037,10.724277
-0.23785962,-10.766702
3.670209,36.991344
-0.0730806,-27.980349
-21.753727,9.126494
-3.6163266,-7.975398
-11.526999,-20.555391
-4.032089,-7.7718644
-2.4928315,42.051785
-27.998365,2.2120345
32.806007,16.273867
-1.8333569,9.294451
0.58680457,-9.42221
-6.586758,-19.05053
20.134104,7.9784527
-15.209251,0.5638103
17.734339,-15.175739
19.825798,8.720447
-17.417624,6.2144756
-20.929382,6.3640995
16.281029,-19.84911
28.345238,15.668695
-4.150329,-26.328537
32.311226,12.509764
-18.911057,11.195187
21.479946,11.387883
-4.499858,-8.772595
3.0329602,34.051235
-5.7862024,-11.155431
4.986241,28.920998
-2.3674924,40.631668
-18.036936,9.521957
-19.694683,8.766506
-0.6351063,-22.456203
12.563243,-16.937986
-3.653724,8.9150915
-18.608313,11.955298
25.24305,5.928783
-0.3234763,-31.51701
13.566411,-17.468088
-7.038738,-12.64717
4.5975304,28.478825
-11.641768,-20.017954
0.70364445,-22.347063
-25.577837,11.899999
27.8832,16.592201
-1.522505,-20.356258
7.723613,33.54855
17.061857,42.75939
-1.7413437,-26.022066
8.088654,-15.380686
-3.4469495,5.0565653
0.75254154,-25.485794
13.488469,-15.6565
1.3585801,-25.172266
33.29977,15.907681
12.686382,-16.178143
26.155815,7.739902
3.3828623,34.12659
1.5282738,35.69029
28.160017,17.033955
2.7459762,-12.572958
18.567106,43.765953
-0.4176708,-24.680244
-4.70824,-9.364517
-0.32880285,-25.252586
-5.083424,40.164383
29.73628,16.874374
3.5358741,29.279715
26.396336,7.7375307
-5.25036,-17.941814
30.76587,15.421805
25.770525,6.1361384
-1.3241304,-12.88002
-2.9307747,-19.843021
-19.23135,14.016022
-20.064665,9.851213
7.642953,33.04176
-1.0666401,41.53324
-24.517519,12.100048
19.995361,8.028241
-2.5847037,-23.928806
-15.831238,1.5130142
26.599598,7.323455
-19.342651,7.8647976
-28.3184,1.5283839
3.8772962,28.363518
-4.4346495,-17.551716
15.3513365,-16.029673
28.257103,0.6485668
33.27424,15.180632
25.055779,8.004656
-14.600639,-0.8027304
-18.933945,8.677649
-28.07199,10.559456
1.9414301,-9.722773
14.675043,-17.78966
31.635828,13.919863
5.663116,29.379725
-19.588854,2.6533399
-12.399419,-18.144753
-10.960655,-23.42356
-0.054646365,-25.69285
-2.67375,-12.887316
-1.9395174,10.366607
3.3692484,32.51633
31.862223,14.440234
-2.8619363,-19.112598
-1.3100923,-25.531052
7.0039043,37.446915
26.944086,0.7916735
-25.729666,9.859573
-23.778543,12.641381
17.58596,42.786114
-3.130439,-24.47368
1.0061414,-25.642597
2.7076495,30.636076
-1.5087727,-23.709995
-16.097633,10.380758
-8.932631,-9.797565
-3.5378704,-2.812973
0.6604988,-18.894432
17.581228,9.110374
-0.8582828,-20.1686
-4.04354,37.59794
-11.277749,-23.033613
14.351846,6.898812
-4.5317335,-13.128621
0.7776344,-26.896725
-1.8289106,-8.891334
-3.4801228,39.131096
4.7340875,-18.525005
30.177938,14.757479
-27.419353,1.8366742
1.6429434,-11.396919
9.4854145,-17.891876
6.8024955,33.487488
3.2708097,-31.04776
-25.844423,8.361952
1.1150895,-23.62607
-25.5863,11.56721
18.232725,42.39405
15.165907,-16.697289
-0.69994533,36.646828
-13.3541355,2.682699
32.337475,16.075066
3.2317588,33.35129
7.5741916,33.995567
-0.77827656,37.70704
-2.0659485,-5.1751013
22.248293,6.924156
-5.143626,-10.478693
0.78564686,-24.77779
-8.261674,-18.208036
2.3979242,-30.023039
1.4935716,34.604774
1.4301957,-25.246296
-0.677969,-26.63852
4.423832,28.878534
-22.221775,9.698883
31.645061,14.732422
-17.658978,8.488128
-7.9281077,-11.34366
0.16447715,41.957886
-1.2186499,-22.225306
16.543764,-18.701597
5.3892355,-30.77126
-1.6142151,-16.75454
29.668022,2.093755
2.2922342,-13.799499
-0.29167503,-14.486848
-7.2540183,-10.79828
-8.295992,-2.8540394
4.0824475,30.322401
-0.5953732,-18.441196
-2.8089638,-18.363976
2.8531322,-18.374657
5.978922,-20.856104
2.7413368,-24.310162
-10.0890465,-22.529362
-4.6769924,-8.145327
-1.2809759,-14.397463
22.336758,8.123046
16.928972,-14.345945
-4.414009,8.187577
2.704049,-23.334951
-4.398976,-9.665298
27.062946,0.22114412
-5.8260627,42.178288
-2.125716,-23.475912
18.44797,42.064434
28.239685,16.009743
-20.567913,9.165823
-1.94949,-24.110891
-20.84184,0.20697364
3.1873164,-12.992189
1.4069499,36.226364
-18.665909,10.075938
5.3531356,35.465878
-2.1811578,-26.465645
29.358307,1.8053075
17.65908,43.046875
-6.003862,-10.884073
16.291315,8.234359
-17.875254,3.6695476
-22.490398,7.944503
-28.061039,4.3825583
11.679146,-17.73937
-6.1015224,42.3056
-19.200174,12.837177
-22.278183,13.863287
32.89852,14.788464
-0.07225895,-24.674477
2.8759098,35.104237
2.9486043,34.098076
-0.09833471,41.523003
28.879568,16.288067
3.7321806,-10.938501
-25.390987,3.7970808
-26.271786,1.4526457
-18.160751,12.88422
-6.8210797,-1.3731294
-3.739879,-18.036812
2.778242,-16.401361
-1.831777,-15.062048
-4.274726,-12.319461
32.21933,13.434076
-2.878263,-22.197874
0.8163617,42.550926
0.68631107,-26.057217
5.3890986,-30.771265
5.971896,-9.443636
0.040445782,-19.649328
4.4452896,29.297491
-2.949713,41.470802
-4.5182805,-18.4235
2.775269,-20.859037
16.600777,7.900367
13.357427,-18.132114
-0.93390363,-17.73237
17.181517,42.327133
-27.05635,3.05343
15.734365,-16.77362
15.149174,-14.349219
15.099731,-17.973871
-5.1024327,39.47284
-7.16682,-5.42481
15.129404,-15.867704
-4.000671,-17.483278
5.0053964,-23.936506
-6.4123745,-10.093678
15.910478,7.125254
1.7675902,37.72739
27.312788,18.027554
-1.1142145,-23.099005
2.312935,-11.796885
-17.896515,10.409373
27.411695,0.49739385
1.6516715,35.031433
2.506556,-25.765575
0.8027834,-11.558933
-3.7284417,-9.596322
-3.5968258,8.467642
0.8962984,-20.059002
-28.100834,3.3509693
16.551737,-15.788553
4.2686415,-8.221217
0.06179076,-25.510008
0.93984437,35.147903
3.984474,29.440628
-5.0386486,-9.564334
4.1896453,29.904755
-3.742358,42.77207
-12.715406,-23.11409
-3.588689,8.9517
28.482023,1.6187207
-0.88433164,-9.727878
25.717358,7.421527
29.636808,2.3338103
-24.659103,7.6701226
-19.67262,8.650159
-5.5755835,40.070244
-0.49092722,-11.950362
-7.044166,-23.746523
-8.769064,-22.458502
-3.2611423,-9.11294
-3.8652928,-10.3033905
-23.674955,10.202205
29.517813,15.827931
-26.780886,2.4408877
-6.9090137,-12.101143
-25.125923,7.92189
29.707108,3.5523086
1.8021141,-24.984522
-23.004303,10.185145
-26.827915,6.2492676
21.683306,8.444789
-5.4997687,-15.465108
3.271094,-31.051897
25.074251,8.666713
17.657873,43.13463
-19.666101,11.009837
-3.8034954,42.697926
-17.81925,-0.87720186
0.95483917,-24.05217
-2.0015926,42.614964
28.896488,0.92011917
-3.644587,-15.992991
15.80771,8.578052
-11.504525,-19.910421
-4.4845786,39.90373
-19.433805,8.224803
5.7125773,-14.173048
3.6105742,-10.169402
-2.260545,40.37354
-7.29616,-11.558908
-24.752272,12.990417
-3.465008,-11.019152
-29.248953,2.9768586
24.706606,7.061791
30.438437,1.3792696
16.621464,42.998158
-20.828878,3.1715627
-4.9091606,-23.103333
-4.707071,-20.26377
28.487669,15.784966
-25.598421,5.16106
-0.5269937,38.071392
-19.208162,13.419956
32.11743,14.0319
-1.768849,-18.383934
4.7246737,-25.159443
2.1433675,31.64856
17.924765,43.14642
-5.5658674,-26.33329
27.05573,15.651346
29.184599,1.5333273
7.576225,34.0809
21.143608,11.007539
33.260807,16.637846
-1.5298758,-19.816206
-7.291773,-10.404297
-1.0686771,-25.680593
-3.2096121,-8.540412
17.787428,43.10977
31.433092,15.500414
-0.6302229,-20.2123
16.312384,-13.102144
-18.550196,7.2324553
-26.25584,3.1936822
15.011177,-15.116015
-6.2031035,-13.612992
25.694658,7.110506
2.8992345,-14.353612
3.7721756,36.723698
-5.2181525,-9.959493
-1.2845789,-24.52444
-2.5076547,41.049004
-5.8650413,-21.713617
3.4002717,34.51216
-13.909892,-19.8448
2.7408264,31.31047
3.0371075,-10.418507
18.151379,-17.468199
-14.257222,0.9131526
-1.0923165,-5.5607142
28.957859,17.152416
0.76652455,-11.581501
-3.3671901,5.149433
-4.5141425,-6.950127
-4.744147,-11.28817
15.60759,-17.923395
-2.2790966,42.27318
30.560078,0.8064032
-24.464874,8.760914
-26.318996,2.8923182
-6.029461,-13.760668
2.8457341,-25.373446
13.828999,-16.985815
-15.028517,0.2720445
-21.24129,8.625583
29.17724,16.655453
29.068123,16.858952
-28.578611,2.3758025
1.6326184,-11.970305
-27.779743,1.0397295
-28.002827,2.6701984
-4.0303884,-8.353698
-17.892368,-0.86479634
-9.533972,-19.186886
-3.7568514,-17.986097
-4.0794153,-9.839326
-17.968016,6.0686526
30.264042,2.9921653
-7.3391876,-16.59366
4.602873,-9.176177
-24.818077,9.958961
14.652259,-18.133116
-2.3208077,-25.63004
3.369395,30.652653
-16.55115,8.065986
-18.293053,8.861572
-18.373056,7.120088
-9.758306,-19.591658
3.0011084,-25.109392
-10.961237,-22.012688
-4.6493745,-21.355482
21.138475,8.307261
27.4772,16.393852
29.011885,3.6066048
21.245764,8.203142
13.649373,-19.05394
2.1525426,-14.763294
-7.778295,-22.28953
1.8658528,-21.935677
-1.3748444,7.877313
-4.406795,-22.38507
-0.6111612,-6.633564
6.611509,37.388313
-19.997078,8.3476305
14.806423,8.96262
19.118483,8.276746
-0.55060095,-16.255554
-3.7019522,-8.903139
5.207016,-22.32782
28.197693,17.865051
7.126585,33.97497
3.175565,34.16057
0.5520316,-18.091293
19.237045,7.9834256
3.125071,-9.597731
-4.576172,-15.356133
15.982341,-15.394376
4.271997,33.05528
5.160376,-26.831469
0.8829739,-20.69676
31.948301,16.043394
-28.06309,5.1474557
-6.3287706,-17.329676
15.890696,-18.311733
-4.3167434,-19.071968
-25.222832,10.258165
-12.734141,-15.097927
32.795155,15.780267
16.772116,-15.01069
-8.974616,-19.65763
3.9651995,29.590136
-20.985909,13.074066
0.05610129,35.049034
-5.61265,-17.21624
25.025473,6.1929216
-10.958733,-20.304935
32.42217,15.333679
27.522991,0.33099812
-9.297373,-20.522642
2.0282109,-25.577513
-15.410586,-1.8876785
29.827997,12.233873
-0.7792553,-25.016432
-3.7936058,-5.4519787
-3.5902824,-8.210682
31.304102,13.091085
4.7976727,-12.23062
-4.0925965,-24.797821
-2.0544314,8.980615
25.503523,7.7085524
-6.539326,-16.308256
-11.395601,-18.197697
1.108074,-27.252113
16.627377,7.8371964
24.65158,6.014306
-3.123494,-14.927638
29.466469,17.512033
-2.471832,-28.108206
-23.442156,11.622619
22.088013,7.1326513
-27.600197,3.2632346
2.389059,-8.621702
14.484454,-14.998245
