18.807,21.888615
10.468056,11.287369
-0.7459287,-44.34852
19.754982,10.992405
-15.361417,-1.4805012
15.185556,-41.587395
-8.595272,-40.606136
19.551441,-16.041924
-17.187023,-4.7820506
24.999447,13.565308
14.512319,-41.953117
-5.682595,2.115069
25.480387,13.579617
0.45800796,-43.93614
-8.105484,17.01801
-1.2289627,-47.02608
-18.787096,9.941307
19.433449,-22.32707
-4.7275224,12.437158
-16.516956,-4.7428713
-5.692405,-0.508322
0.060402233,-44.299137
-11.995511,17.757235
-1.3939325,6.328336
9.2626505,-17.709915
2.7182322,-16.26295
-22.538725,7.319001
22.234226,13.08425
-6.317187,2.9026334
-4.5667067,5.039595
-11.774588,12.3668995
-20.150076,8.160538
-17.197365,-4.4006815
-9.248405,18.352308
-13.503353,9.0722685
-19.333847,12.257587
-18.42357,13.70873
7.6455226,-16.993603
-18.338854,12.094823
18.74823,9.560476
19.049616,-0.92979336
-6.371782,6.3660054
26.158033,14.741472
-11.313851,2.6769223
-8.251206,6.0204587
18.931396,20.791582
-17.10633,-4.8219905
-18.142447,-5.036553
24.457462,13.987811
21.432756,-2.11274
24.20837,13.843424
-3.1365736,-37.35437
21.020945,13.426302
-22.71158,13.950094
14.37531,-41.998272
-4.45516,8.923499
19.488813,21.087004
-3.870503,6.6953754
3.3633785,-17.884007
19.199888,-14.895611
20.100471,12.121444
-17.79571,11.796157
-15.661852,14.259775
15.681957,-39.71419
-3.9326909,8.770284
-3.3091109,-48.84998
9.697054,-10.152395
-16.573935,12.552594
23.415827,9.59413
-2.9703135,7.379806
13.43037,-41.033295
-18.047537,-4.9683084
18.83535,19.637465
23.09051,14.705216
-12.110533,4.1838427
-8.183279,4.9128094
18.858637,11.202291
-18.64889,9.922762
17.767584,11.502127
-19.233458,-6.056631
-10.215432,0.581914
19.767467,10.179584
11.31483,11.705569
-4.488606,2.5405533
12.327636,14.807496
2.5251577,-19.844887
-15.983432,3.88384
-23.344213,12.677924
-14.683518,18.102144
-1.2031395,2.8059545
20.330223,-2.1988425
-13.368281,10.9653225
-6.4900603,-40.12333
-9.802695,18.395584
9.432993,-8.818275
25.477753,14.845274
17.32036,21.490328
-4.380219,10.034581
18.757744,-20.366537
10.557142,11.737495
-19.960396,5.6655803
25.03975,12.282748
-13.339515,19.680058
8.415241,-16.819395
19.821066,0.4831334
-20.374542,-2.4711256
-3.6791503,-34.89518
-17.834696,-4.144192
17.25591,-18.236404
10.429326,12.570027
18.638214,10.066501
-12.112147,-36.749256
-19.86922,11.205575
-15.652685,9.759068
-5.098579,7.348617
-11.71402,16.694948
-17.442028,-4.409392
-1.2498792,5.1538587
-11.239856,20.101553
1.7688593,-17.311455
-17.967455,11.280954
-17.439806,11.100094
26.272432,14.378312
-2.702396,7.257801
20.558403,11.480663
25.147144,13.448201
23.15307,10.951674
-1.2289687,-47.233036
8.435155,-7.8290563
21.551548,12.587695
10.078754,-12.882931
-8.025689,-41.914406
8.983411,-8.864197
-8.359923,4.831586
-5.4095,12.883877
-18.983982,-3.8433948
-10.274512,4.23671
-18.809738,12.437089
-10.494857,10.874607
-13.080724,10.05114
24.186544,12.515459
8.674516,-18.687555
20.24179,12.041803
-3.6545873,7.32777
10.8302765,11.734717
17.968927,21.35475
-4.623486,1.5942379
14.896107,-41.663597
0.7876248,-44.096413
-8.272484,-39.345165
-0.5625018,4.4160223
-3.4867496,6.8522015
5.9555874,6.875326
2.8686776,-18.026306
-11.665194,3.24469
-16.158524,0.0023190621
-12.281678,-4.4722896
-6.854498,3.1190064
2.748942,-19.337612
22.461607,9.965489
22.626001,11.63831
9.303405,-7.86604
18.680141,12.335217
9.731498,-7.8201113
-21.778078,8.45082
-11.623759,-36.87006
-10.451335,2.8609102
8.779123,-16.283243
-6.9160104,0.3868898
-21.442812,11.039124
10.567864,-8.767047
23.40958,-2.629477
-10.070903,16.994984
-19.238258,11.647663
-4.600287,12.372602
-18.693003,11.480813
-5.133597,-38.700005
-5.449369,-47.146923
-4.555643,-40.333565
19.714172,18.710716
16.450438,10.555945
-25.336788,12.5993395
22.019226,-0.8391029
8.657327,-16.80722
-8.477228,-41.945614
8.916012,-9.416277
-9.084164,19.430433
-18.379917,16.299377
-6.501572,-42.816345
-10.403036,13.397883
-5.962005,19.551838
-11.279075,3.8179555
8.680646,11.165898
-18.825798,-4.640242
-2.2230375,6.9870124
17.406256,-21.138983
-4.924951,18.843702
-8.165033,2.905539
20.829468,17.575632
-6.3849554,-42.75064
-10.82914,14.837953
-21.681044,7.56674
-7.511957,-42.44835
19.820984,19.405743
-2.8144886,-46.942776
-5.2113442,2.8768308
-13.211507,10.664154
-18.948801,-5.5165753
-10.147579,18.89013
17.366882,-19.689138
-11.108738,-36.716576
-16.794554,11.443773
-8.564245,2.9386463
-20.849993,11.681122
-13.171436,12.065024
18.272993,19.630955
-3.4735615,-38.116234
8.817217,-16.61531
-7.4515705,8.625591
-9.35849,17.28597
19.101595,-16.950005
-2.452518,-48.786213
-15.480402,13.152095
19.381119,12.442439
18.381018,-20.940945
23.338343,14.975454
-9.223553,17.463102
4.8735743,-21.040731
-6.604907,18.701666
-21.10329,11.953797
7.2095504,1.6179508
-5.8661575,-42.704514
18.828787,-14.384891
-8.544896,-40.089615
-8.753713,18.020025
-20.453419,12.988587
11.276367,11.995137
-2.4940522,14.336982
12.020794,12.718229
8.622972,-7.939091
17.649336,-17.213394
3.8384085,-18.56733
19.572477,-15.6363945
-16.532812,-7.469773
15.502567,-40.022102
-1.8558998,-45.860363
24.410183,17.05475
18.557436,22.144133
-11.213555,19.045734
-23.076897,15.737984
-5.3915267,-42.64532
-2.01558,9.1324625
-0.18126701,-45.804977
16.381516,15.898336
-13.948052,5.038028
7.9400964,-16.05264
13.307725,16.691324
-16.16483,11.982021
21.493101,-0.20651004
10.779476,-18.652962
-11.1660595,-35.231953
-10.62778,15.75679
-8.651692,-0.47578505
-7.546554,10.17595
-3.8835914,-46.673336
-10.494222,-36.49714
-9.272233,9.716244
-9.567281,11.756706
2.547412,-20.020271
-3.9619155,-43.59532
7.0569572,5.3242626
-14.388315,8.23196
5.8487515,6.848996
-1.6524272,8.200669
-21.946682,12.109155
19.192993,19.883278
9.76351,-9.839151
-19.764149,-4.6924925
19.710773,-19.74481
19.397854,10.844013
-17.500845,9.882859
20.76232,12.009179
-3.9367902,12.434021
-4.9879284,4.3567777
-13.174508,10.588527
-7.914489,-37.543217
-18.113195,9.84289
1.8198642,9.341316
20.026659,21.174702
7.7791524,12.440575
-11.167516,11.4696245
10.587016,13.439721
10.679694,13.239364
-8.572148,4.4191923
18.609087,21.277739
-1.8569131,7.035965
-3.1668146,-35.201912
-1.8248919,-45.48797
9.600715,-15.35067
14.788025,-42.603954
-17.598469,-3.9813173
22.855864,12.523888
-2.4403045,-46.135452
-7.45553,21.591978
12.923366,15.663002
-15.693914,12.094916
18.880907,23.217106
-9.218238,4.038401
1.7536414,-19.336012
-12.907942,11.27153
8.615127,-18.176188
-9.60481,1.8029919
-16.017126,4.6401715
14.076883,-41.92416
-13.563961,13.460766
-9.543201,3.2754424
-6.4882936,-40.820057
-17.355343,10.792898
-19.169283,-3.3694515
16.464226,15.916672
-8.704425,2.1025264
-4.32798,9.859071
-17.362833,-4.5366125
-7.497378,-40.580418
21.24358,-0.64909035
-12.627967,3.465945
-16.148825,10.429719
23.775043,9.492429
-9.244963,-37.70069
-6.3253403,-40.00351
-17.83982,-4.5483303
-24.563087,14.390788
-2.43589,8.80203
9.120632,-7.6073737
0.17458852,8.39959
22.94637,17.221836
-13.471866,15.682751
-7.65049,20.56902
20.664545,11.561511
-9.65378,-36.530006
19.459232,22.343264
20.737482,16.427479
-6.2579546,-36.087383
-10.162001,19.15
19.661493,11.114993
-6.548887,-39.335953
18.629448,21.146515
-12.598966,-35.63365
8.147464,-15.979853
-5.065688,-43.444447
-7.200522,2.7832494
-0.5781359,9.73083
-14.856942,10.256519
-5.727415,-37.076195
17.756315,-20.244787
0.38667735,-43.12951
-2.1967793,7.5777335
9.539143,-17.545576
-5.90514,-38.08645
20.285563,13.639264
9.427223,-18.627869
8.193189,5.192967
18.726276,9.538594
-16.133314,10.909165
18.062069,-17.268003
-4.5622764,8.019225
-20.303614,14.854786
-0.8239046,-43.452744
-10.099288,17.458841
23.766832,16.610548
-1.4054195,-41.069397
0.70017177,-42.91946
-21.254683,15.964465
-17.406822,11.60204
-16.345617,-5.622117
-10.1888485,18.125021
-4.27806,-48.111053
9.786647,-8.663614
-6.4796576,12.880137
-5.0186906,-47.58409
-16.27527,16.144224
-11.171372,18.166159
-17.310894,11.90609
-14.967273,10.589454
-19.509129,7.6296005
21.892881,-2.3337483
-21.651705,10.228437
-11.03417,8.4000225
8.202684,-6.5151176
1.5681564,6.8485026
15.10992,-41.0011
-13.623699,12.97694
-3.8765924,-46.1762
-3.4801855,8.982105
-4.7770386,6.7017174
14.599083,-41.998497
8.374569,5.024023
10.961497,12.550471
-4.687208,10.286041
10.153948,12.084161
19.606882,11.409134
-7.6133823,-39.162693
7.187821,1.597903
-12.44199,-36.37673
8.429905,4.8184037
-3.3136563,5.6196136
-8.998767,1.435437
-10.378494,-35.54904
25.90679,15.96025
20.535452,-17.548733
0.00033782778,12.668633
19.46977,21.058859
8.905186,-17.594814
20.16264,-21.055534
17.976496,-14.961247
-4.151019,12.008742
-1.001645,-46.475166
19.15776,20.33604
-2.9920435,6.058796
10.123371,-17.432335
-4.996036,-40.952137
-10.471209,-36.729736
-8.397197,17.779316
23.665136,15.136082
13.246414,13.335739
-7.0342216,-39.86146
22.53019,11.674353
-3.5817103,-35.1285
-10.82468,16.52892
-7.908933,15.536704
-2.7300742,-37.063705
17.890406,-16.55721
-1.3034446,-45.8804
-2.2558184,6.01691
-13.133071,9.720838
19.857826,14.187631
-4.662865,0.27433142
-7.7374187,2.478213
-15.891583,-3.2688377
17.61015,-19.27029
4.08692,-19.849905
21.124731,15.119592
-18.277676,-4.817023
-5.0462766,-43.352787
-7.9462867,5.56576
-16.170338,13.812792
-18.376097,-3.5225854
-4.90682,-37.22645
-10.842262,18.404291
8.628668,-17.193178
16.880209,-21.829653
20.607508,9.295845
17.39741,13.654181
-5.364464,-42.62917
17.23565,7.167767
-20.869238,11.721051
-7.6308084,-39.86324
-11.689648,-35.590973
9.206553,12.562326
-15.957321,-6.2369924
17.984377,-16.861662
-4.4845715,8.5440235
-18.50563,-5.8618274
18.665422,-16.5144
-17.496397,10.569983
-3.6893113,12.032909
-13.2022705,12.622185
23.799019,14.54231
9.387776,-7.8601317
3.5182087,-18.778423
-15.471835,7.05261
16.694267,-19.150906
-12.967935,9.595261
-18.304409,6.9126153
-2.895248,-39.83815
-2.3595967,12.478991
-3.121787,8.729175
-6.017282,-40.011307
9.516714,-7.5034695
19.039015,-15.917339
18.750008,-19.70321
-7.288299,18.198328
-16.089708,4.7823286
23.091629,11.474915
-19.563084,12.115414
20.395695,11.962759
-2.1914704,-38.305477
22.466688,12.011828
-20.268309,12.211345
-10.437282,8.661791
-7.4071627,19.997713
20.506798,-17.8584
25.396471,10.678988
-11.370207,18.690342
22.093666,-2.5096605
-13.269231,17.149416
17.335546,21.973013
10.826587,12.184664
-7.830671,-41.966457
15.085354,-16.621803
-2.7135699,7.8485084
-2.0018966,-45.864185
-8.839161,6.699452
23.244589,17.166515
-17.061174,10.835018
-0.94351065,1.6639415
-8.491995,18.577894
18.807304,16.974367
-8.906536,3.16482
-9.707244,-34.830143
-16.396542,11.410623
7.3237424,-12.103309
18.572115,-21.587221
-8.809826,19.16
5.6344986,-19.758638
21.234856,-17.62725
8.450948,-16.70165
-8.187956,4.35247
23.130793,-2.860998
12.161464,11.184913
9.253137,-7.635238
4.830181,-19.969027
-7.939911,3.0902305
-7.917134,14.594645
-4.1583676,12.038199
-6.816884,4.194373
2.6873653,-18.10944
-6.0755043,-40.599537
-17.49139,10.401406
24.780787,14.4991
21.35764,11.26141
18.100368,13.336099
22.348057,-2.9194489
-14.483608,6.1673627
12.483071,-13.399669
13.924979,-41.152893
-16.641327,-5.261352
-20.687386,13.854295
17.47652,9.885588
4.2315855,6.78198
-8.88296,3.6168387
-11.761823,13.077463
-6.54435,3.6429029
-16.787148,-4.2925115
20.268196,-16.08348
-4.0803847,13.248216
22.47596,-3.2242584
22.328152,-0.6704203
1.0989797,-43.49281
-6.429147,-38.927834
-2.1347651,-45.633408
13.201624,13.407984
-16.69739,13.197768
-11.3030615,-35.166443
8.7716675,-16.539492
-19.650726,11.839086
-12.562415,9.357707
23.202744,14.70716
19.257666,20.769419
-14.959633,-6.9469047
14.034098,-42.2529
9.005761,-16.613867
-9.043731,18.170076
9.657745,-7.849778
-3.7775612,-36.12888
10.873274,12.307431
-15.407147,-4.9971085
-10.410819,-38.217762
20.679192,-18.798176
19.911152,-18.400114
-21.052906,13.899996
-5.080778,-37.20791
14.031689,-42.580643
16.265469,10.475959
-1.1722279,6.86074
22.193588,-2.9174132
-2.7622914,2.2381418
-17.339842,10.795457
-3.5252485,-47.24705
-14.1008,-5.673688
19.153648,-15.067171
-6.707587,12.270517
-2.1322935,1.0424453
-17.560886,-6.0834503
18.265068,22.383255
-0.55944556,-47.758427
8.653775,-18.04666
-7.7362614,-38.56631
-21.353096,12.628005
19.59025,-20.127941
-1.905038,11.408383
10.089218,11.87077
17.906233,-21.546492
-9.245281,4.9905796
-3.6858578,-34.905315
-18.097004,11.446209
-20.235167,6.1762805
-17.606602,14.566895
18.445375,11.332013
-3.7830708,10.430896
12.862498,15.558157
9.653743,-18.652945
2.2566197,-17.86681
-10.882608,12.776064
21.342337,13.639975
-5.472742,12.282608
24.954412,13.085188
-5.036106,-36.958794
18.525414,-20.4148
-8.14426,4.57531
-17.234589,-3.4697053
-5.6833572,-40.145943
-17.811104,-5.4554462
-4.923786,11.135896
-25.336847,12.599889
18.456837,20.191542
-2.523252,-44.514854
-9.549391,-36.3659
-0.66461116,-46.476826
19.306128,20.252369
-18.267822,13.170336
-11.815704,11.22178
-22.871752,9.261748
-23.971561,9.948742
-0.5745893,8.41596
12.213252,15.026496
17.181715,12.369349
-10.573103,11.438829
13.832243,-41.305958
-19.754002,12.780431
-22.593187,12.742888
22.879168,8.023569
-18.39199,8.172723
-14.813964,-4.582944
19.0429,20.988724
-8.146993,2.9467309
22.664412,-2.6861029
-8.063672,1.2349725
-15.632415,-5.265311
19.796919,12.431456
-12.390788,-36.94943
-7.448741,-38.14229
-10.748991,12.199323
21.82708,8.674563
17.022398,10.762806
-2.588582,-45.765816
1.3008646,-18.652758
-11.824748,14.463444
10.066364,-18.378086
17.894787,19.490036
-16.613897,-6.5631175
14.4123,-41.6124
17.43245,10.079084
-6.713719,4.6115713
-18.193748,-4.6015015
-1.1730175,8.061112
20.691778,-19.681393
-7.2766986,3.9139175
21.839127,12.946218
14.59455,-41.751244
20.246069,19.909384
-8.259394,4.2008185
-1.3812999,7.203839
5.0748744,-18.495304
-5.746806,12.165604
-5.3064313,-38.973934
10.821852,-13.258399
11.260951,12.911529
-17.21064,11.426563
19.156977,19.132658
4.273292,-19.782345
-17.764883,12.77788
-5.2505894,-37.20571
8.177272,5.167833
-0.80070484,-44.505405
23.810686,9.86647
-0.12319003,-47.266068
23.597422,13.973912
-19.220524,17.061415
0.61040276,11.0103855
-16.033455,-8.265616
-4.4658318,-47.215137
0.006879402,-42.84256
-13.369474,-3.4487042
10.622728,13.319431
21.933332,-0.2528324
-12.18514,15.583558
8.70484,-15.587602
-4.325181,12.181808
-8.168843,18.965973
25.801472,13.345711
-12.252664,10.450848
17.551672,11.048292
-5.376578,8.200568
20.563873,11.848306
-21.76843,6.3482327
18.549149,-16.936567
11.627961,-9.969544
-0.7077551,-43.271687
-6.2328806,20.496328
14.532504,-42.069214
-2.6578455,-36.900158
-1.0931759,-44.2352
19.253855,-19.370289
-18.215279,-6.8994694
-6.9207864,10.802337
-0.6688713,-44.478596
-1.9552324,-38.37524
3.1837366,-19.671005
-7.141005,5.809252
21.247232,13.348747
-14.737203,-5.3767524
-6.790847,7.9834003
-18.717165,-5.1945024
-6.2813377,5.321911
-1.7385699,-45.714745
11.791228,12.798019
-19.342855,12.620403
20.335354,11.990305
-15.3538065,12.676705
23.734804,15.396376
-1.4300513,2.260836
-13.238655,9.901111
-18.239454,-5.803455
23.390911,9.572668
-3.493765,-47.069664
19.135372,-21.432552
-8.850752,3.2076674
-1.1352506,-46.396988
-18.633343,-5.822141
-7.4517927,3.7878642
-8.853016,21.083263
-5.84145,-41.939297
-12.971171,10.778099
-16.942348,-3.5678613
-11.291821,-36.026497
19.32417,20.03613
8.49138,-13.993752
-21.33198,-3.982086
18.711462,14.242392
-2.6899936,-38.817406
-10.542676,-36.7121
23.497923,15.149535
20.41608,-2.147523
-0.54091984,-46.01895
18.237097,-15.376773
-2.439808,6.4106965
18.213974,20.770454
-1.7518867,10.341295
-8.768257,11.439296
-8.620589,0.6472128
-10.466704,-35.917336
18.20083,-22.27769
18.517448,-18.316868
-10.6730585,18.145302
19.130836,-19.845642
23.661491,9.638365
-17.010967,-5.1241984
-8.913791,3.0890837
-5.127506,3.6242654
-2.576292,4.4429235
-9.354003,4.348958
-3.1688983,7.957249
20.719078,10.32157
-3.534359,-34.777985
-7.0811853,5.472192
22.551453,16.221815
-10.7751465,-37.50184
-8.499372,20.412987
-2.3933744,-45.121292
18.113657,-15.940155
16.927137,-20.49482
-22.711397,13.950186
18.302366,-20.83641
8.247682,-17.134356
25.45511,18.073303
20.434221,20.480099
-17.697868,-5.4055934
-0.8246329,7.123066
-8.571864,16.859533
-2.0223317,8.525107
-7.592069,7.3052917
7.781043,-12.081063
21.174421,-0.5880071
-9.167622,-38.54457
-16.451485,-7.0183845
-17.438496,11.891352
22.680927,-2.7106926
2.1120572,-18.294197
17.829596,-20.553102
-5.529216,6.374838
-10.202755,-37.698875
2.750545,-18.47529
18.135714,9.258775
-20.769983,10.621292
2.5078936,-19.84813
-17.221968,-5.839868
19.78383,-0.996838
8.263032,-7.371034
10.821908,-13.393872
-19.37383,11.310533
7.979862,-11.671538
-18.347792,14.306562
-4.4181514,-47.076912
20.5832,12.230987
2.1913066,-17.663326
-6.717747,-40.525692
-19.13545,9.632398
21.391115,11.015598
-17.591108,-5.90565
-7.79877,2.8268435
-18.922407,15.3960085
-13.6921215,10.201108
-14.873278,-3.0230737
-11.83422,10.252078
-24.127003,11.160511
-12.058673,12.721018
-9.591973,18.483463
-10.255504,19.939495
-3.5827742,4.1294928
-14.059341,10.908504
19.93956,-17.375933
8.252999,5.139621
22.605145,-2.7354808
-9.067612,3.6861773
-18.349413,0.14281848
-11.47502,-35.27637
20.787947,12.859367
-18.491089,5.5068264
-1.2184262,-43.64984
-9.726551,18.426954
-6.816931,4.968532
22.384731,11.1523695
0.13306828,-46.849045
-8.354297,4.417995
-19.65709,16.006456
19.366142,10.36791
17.402887,-20.729471
-15.998769,-5.2236094
-3.669113,-35.681004
-17.554148,-6.7775784
-20.194857,6.351885
-7.046951,-37.872196
-21.865086,11.523399
-17.320951,-1.2938935
14.628805,-41.970757
9.256628,-9.618724
-9.947898,7.5031724
5.897327,6.8576684
-18.688473,-6.4575624
-13.68219,17.920198
-3.2911923,-49.0172
0.8363804,7.753822
-18.160397,11.905627
23.151955,14.901622
10.098337,-12.279812
-8.706453,4.3007436
-3.4421194,-34.76236
20.698952,15.6417055
4.998824,-19.440088
16.506264,-16.781284
23.53336,12.411655
9.347411,-11.943723
13.534487,-41.44435
-20.125044,10.423291
-2.4320695,5.2891665
-0.61151516,5.2837176
20.332228,-16.244678
10.369812,-8.10004
-11.444472,13.860037
9.295767,-8.234649
-9.555781,11.135645
-2.9053605,6.8272243
9.289445,-7.2814207
-17.631908,-5.185584
2.872916,-16.875656
16.581701,-17.654625
-8.873601,8.120956
9.564399,12.374712
-4.6801624,12.194265
19.0319,20.195114
21.30207,-0.7234341
-11.801034,16.081963
-14.838043,13.156421
-8.271005,6.9388
-6.368819,-36.56851
-10.193458,4.983811
-12.747647,-36.8489
-18.057951,10.324476
3.7077415,-17.996239
22.879938,-2.685978
-10.46003,-37.642414
21.338497,-2.0131624
-9.888652,12.196102
-5.398035,10.000639
17.369904,-15.972885
-22.318022,12.129263
-2.5630176,7.32168
-11.679047,11.241388
-11.099526,-35.130188
20.440859,11.093788
-19.640717,14.958903
0.363562,-44.12545
0.51009,-44.304672
21.92148,16.28295
21.842072,-2.439854
-11.140849,10.515765
-1.0069963,-43.843678
-21.07023,9.656588
2.8842072,5.623474
9.053448,-16.4502
13.052332,-17.76825
-13.210892,8.671256
-15.344773,15.731549
19.63326,-14.846367
-9.947849,15.366881
18.931927,-14.844634
-7.1034555,11.864109
-4.898081,12.827801
-17.639105,-5.2515936
-9.251785,15.924139
-1.9160846,-46.67306
-12.709724,-36.342213
-2.772437,-45.776196
-21.029898,11.3054285
-22.610727,12.198918
-19.231356,-3.8568003
-2.012757,-45.065628
-2.1890593,-43.44763
-19.326696,-1.8977268
19.912645,20.428045
-7.0744653,-38.924828
-3.6757278,7.695068
14.652117,-41.90815
-0.9763643,-43.8656
-17.371126,11.236217
-1.6768439,5.1437893
-20.505335,13.151012
-16.793634,-5.414742
23.641047,12.869148
-17.576986,-5.132706
13.903753,-14.516539
-7.0249596,2.063641
19.869951,12.903924
22.592274,-2.8284903
-8.863401,3.8776217
-2.9109414,-44.1052
8.662684,-16.462803
10.468956,-11.329476
14.924309,-41.296783
-8.479886,-38.438663
-15.725766,2.0640461
-7.3368464,-38.15652
-13.210134,8.467359
-20.328627,11.179119
-13.967231,12.257837
-8.678618,17.229258
-10.5557785,20.353687
-11.2585945,6.3269453
-16.559893,-6.706039
-2.0067227,5.239608
-0.21530128,7.245039
-5.19577,-36.823673
-14.474795,14.606194
-8.074366,13.741123
-1.3682529,1.8046886
-5.9245987,-42.37075
23.69568,15.605493
-5.664197,14.71635
10.325703,-17.566267
10.245523,12.394279
2.8430982,-19.599499
-4.234253,7.1507688
-16.607994,-6.67693
-2.2338977,7.1026106
-19.588896,13.230851
18.398018,9.931878
-21.098318,11.822041
8.468098,-17.768602
-15.5068035,9.19536
19.672705,20.360224
-12.315922,11.8138075
-1.5003325,2.257255
-5.988914,-40.21288
-8.398302,10.561185
-0.94740874,-46.59275
-11.567739,10.434518
18.080996,-20.692493
-9.525418,0.5811836
20.145266,-15.702057
-3.9819012,-40.605873
-7.3925605,4.2867703
-1.7685956,-47.30678
-9.349384,6.245063
18.126265,-0.1749744
-0.39699456,7.922205
3.3333313,-20.079916
12.062609,11.731618
-9.7607,17.561758
-2.0603096,7.6123405
9.409044,-8.029407
-17.204744,-3.8680606
-8.072022,8.907862
14.642943,-42.37062
-1.2963513,-45.3046
-12.114673,9.614419
4.78842,-19.969923
21.021906,13.4567585
-11.258645,11.446975
22.680027,9.294254
-6.553051,-42.27824
-1.6152143,-42.111465
-6.8696427,17.431137
8.293681,-18.040798
-20.381979,6.5328145
1.6238854,-18.532843
14.985466,-41.859844
22.029778,9.271736
-4.213662,8.309957
-8.654616,4.2651176
-9.976805,10.311497
20.571095,20.582388
-2.2152405,5.8496056
-9.537492,-37.231133
-8.829716,19.441095
-17.460833,12.474376
19.952856,9.040463
-17.411528,-6.5350575
23.146086,15.701747
15.497666,-41.15203
21.067263,12.827391
18.110128,-0.1632621
-12.393126,8.744747
-7.725374,-37.65077
11.142969,-16.505486
-8.15442,18.79993
20.986734,18.505863
22.610847,-2.7285287
-17.241568,-8.193284
7.063747,9.285758
10.268141,-13.216291
25.220163,16.964468
-0.7787141,-43.631134
22.733482,-3.1123185
-1.7780318,-43.934254
-2.969781,11.094826
19.948488,8.078856
8.941195,-7.383802
-10.703652,-34.65409
21.69883,14.908857
20.634108,14.555644
-17.139502,9.886794
-1.8097966,-44.997677
-5.4241347,7.77384
20.29063,10.442845
21.872902,-0.9308974
13.608939,16.883509
22.072723,-0.7028765
22.674252,13.895093
-1.5488,-46.82999
-9.21245,-36.66524
-1.480645,-44.29721
-5.504635,11.88178
-18.666601,8.267548
10.317408,-17.491783
21.787666,14.040218
24.384892,17.558725
20.256912,11.928948
-1.2679226,-46.760868
-1.58056,9.802991
-2.0168188,-45.32937
21.254597,-18.514866
-19.588654,13.64798
-9.90232,5.134334
-1.9619915,5.846453
2.2742445,-18.290262
-18.651495,10.155542
3.8141143,-19.54744
-4.664834,6.0316997
18.579163,-19.422094
-5.9263515,-40.145237
2.8958921,5.828959
20.130497,-15.2379265
-10.318301,9.884349
20.510593,-20.368866
20.87897,8.222045
19.342333,-20.636139
19.546865,10.502147
-5.0582967,-35.18757
10.428646,-9.908829
15.334782,-42.43726
-17.850859,2.149439
23.861673,10.797599
-14.562123,11.440356
-14.063837,0.4651902
-9.647527,5.577259
20.169031,11.551232
-10.473889,18.97119
23.232323,13.48305
-9.802123,8.712827
-7.5087857,6.2956285
-16.664742,9.789854
15.445481,-14.887728
-2.0704806,1.2114847
-11.0849905,-36.87451
-15.1139765,13.742825
-9.455798,20.125938
22.325788,13.413391
17.060879,12.375942
24.568758,10.31856
13.618609,16.905338
19.702967,20.58623
-22.043373,11.1764345
14.773653,-41.725494
18.406815,21.39543
-11.114876,11.356871
-3.711512,6.2922487
-20.952377,10.341103
-22.392534,7.292214
-8.803592,14.437349
-1.7817532,-44.90655
-10.990165,16.576302
22.207603,12.938832
-15.247105,-3.3198922
-19.359297,-7.26428
-6.9047055,-42.667088
3.78939,-18.395897
-4.5995426,7.687069
-2.4209154,6.6153727
-1.6621747,-44.981907
-6.2374015,4.4015527
8.895168,-7.7629294
-19.388903,10.74645
23.449951,15.219791
-18.130262,-2.3081849
23.876343,-2.4796407
8.975539,-17.514322
18.778347,20.927633
20.291342,12.041525
-4.613599,7.208973
-13.579047,7.2848005
19.31627,-16.05944
-5.9965897,16.188183
-9.823561,13.720693
8.205642,5.1553736
-3.14601,7.127674
-8.844851,18.129375
-8.988006,5.3699465
-13.1941595,10.652667
-1.148641,3.979481
-0.83920896,11.400025
-18.43891,-5.3360724
19.460548,-15.943146
-14.103032,-6.8565807
10.6183,-18.400135
-18.513721,14.709776
11.491198,12.327589
-12.098551,11.43696
-16.224077,13.5037775
4.389755,8.092532
-18.14529,11.257486
-18.046633,-3.2406485
-20.631954,12.815654
20.134949,21.181469
-17.581022,11.5405245
-11.639722,10.216273
15.241398,-42.770073
15.639901,13.380437
25.441431,13.409253
-11.324389,15.094243
-6.5508385,1.5174161
-0.4429855,-46.638165
20.507362,9.723056
-21.815195,10.236566
-6.1735425,-39.534138
-15.030173,-3.7063348
-4.737519,-44.87172
-8.403024,16.138422
-0.7217257,-46.68468
-22.001158,17.176468
17.963562,20.473057
-6.77177,19.152294
-12.407053,10.670053
-1.5605633,-45.721527
22.234064,-2.0880356
-3.183318,-37.462673
-12.494032,7.9677215
23.834713,-2.4776073
9.413684,-17.530018
9.970762,-17.028196
-8.924852,22.345121
9.280544,-7.6773148
-9.879024,17.779186
18.816643,-17.284883
-15.406664,-5.802376
17.980238,-0.048393656
19.041212,8.745587
-18.059685,12.502913
-0.53922254,7.521409
0.81575245,-46.25318
18.82644,-21.142988
-10.130019,19.392754
15.94756,-15.843571
10.457568,-16.612007
-6.7691216,-38.26983
19.418533,13.527126
21.169395,-16.310951
18.499527,11.93941
-4.529603,6.153566
23.033865,17.476883
-0.31905493,-46.55448
0.40732697,4.544918
-18.304024,13.292763
-18.036953,12.475315
-21.834074,5.888851
-1.5937195,-47.4261
-1.4666861,7.518673
17.943073,21.684235
-3.0206785,7.7897696
-9.2560005,3.6229515
9.950157,14.508688
2.3460982,-18.505953
22.461813,15.394338
-11.282733,-36.23106
19.832071,15.109164
-15.362882,-6.5200996
-7.560554,18.22582
18.130669,-15.74377
-9.058688,5.7396684
-17.09946,7.546709
3.410738,-19.141384
-21.760462,14.408906
9.790791,11.676599
-13.55006,9.503818
-6.5539613,18.197445
-2.9853518,4.7291093
-9.749836,20.0791
12.574338,-11.94886
-9.947136,3.683227
10.081944,-18.00224
-4.022789,4.752551
3.9263983,-18.871304
-8.240375,2.3278222
-21.527351,13.259662
-12.134321,-37.392574
-20.927132,7.8943295
-1.9197941,6.0534406
10.622536,12.3693285
-17.700212,13.547814
10.32487,-13.186813
7.665941,-11.882791
15.703512,-39.675373
5.4068537,-19.453552
-5.259756,-46.83762
18.611872,13.675585
-11.9809885,17.211775
-4.675507,13.463233
-7.4964333,16.377443
-18.033836,9.442464
-7.3192,-38.96518
9.4082985,-15.781344
-7.29289,3.5191798
17.631899,-20.281841
23.71826,14.951773
-6.0488853,-40.66757
23.08353,10.272064
17.3143,-19.944801
17.872278,10.954403
-11.148265,-37.219162
16.8934,20.935982
23.879145,15.187745
9.183673,-16.29211
22.052032,-2.2797034
-17.370369,9.074696
0.4317384,6.074698
0.15663116,9.264478
-8.006558,-39.865494
-6.427295,-40.09707
10.309042,-17.511372
22.727875,9.97841
18.190884,-18.32131
-4.747661,11.93211
10.348198,-10.810214
-19.07149,13.637335
-5.84928,-40.646072
10.418892,-12.334495
-21.255236,15.965912
20.653078,21.99115
25.18396,9.758634
-6.1331854,8.785297
9.66395,-17.81554
-10.588956,17.743994
-6.1912055,-39.863586
-9.6786785,20.945246
-9.347635,4.869909
-1.855281,-45.917225
-16.172009,-2.582918
-8.304209,1.5640526
-2.9871705,-36.226463
5.8487587,6.8481903
-10.904907,-37.58375
19.945667,13.153176
19.221487,-16.36662
-18.359571,10.447829
-2.670555,-46.940678
19.93547,-16.37778
-9.296305,17.335443
-5.943044,3.5315018
9.123177,-8.186361
-8.794512,4.8196077
13.309009,13.437049
23.665749,9.153504
-6.2479763,-36.44123
-22.38247,7.4769826
19.737047,21.65059
-8.682462,5.645417
-9.813513,4.256894
4.8327727,7.1550717
-3.74271,9.38436
-9.05635,18.542952
-6.1961355,-39.99363
24.95885,15.176589
20.819796,13.608785
-4.1117887,3.4054296
-13.988798,3.6379123
23.060085,12.986075
-17.599703,-5.104168
27.464724,14.569291
-18.742579,-6.9324822
3.972198,-19.252382
-10.042471,15.568135
10.181529,-17.614725
23.957258,17.153517
-2.7243383,8.105618
-11.211447,17.297724
-1.7075089,12.467546
23.732151,15.394401
13.338506,-42.115227
-13.975592,12.690053
-5.23056,-38.46928
-4.6934104,-47.34383
-8.135308,-38.822334
-21.17068,12.101042
-18.004055,11.096072
-3.1120093,6.1667466
-1.8660223,-45.117756
-11.725854,11.775715
22.325733,-2.8994668
-6.379262,-36.912735
-13.432316,10.167022
-12.517033,5.8651867
18.613466,-17.598986
7.7733293,-17.409172
-21.113605,11.569531
9.2674885,-17.038092
10.319047,-18.550129
-4.361264,-47.730972
3.3071444,-18.909721
7.881662,-11.887901
-16.478668,6.745776
10.585965,-16.596912
17.275797,-19.562551
-22.393307,10.168303
14.582423,-41.685738
16.894493,-18.17139
-8.035104,3.5042164
-2.955998,3.2763906
-16.145643,-2.7699778
9.9239435,-6.7978234
-6.9533753,15.481092
-7.6714315,-39.630642
24.496851,10.938256
10.958608,12.421488
-11.02475,-36.87826
-4.396021,-45.82724
16.21325,-21.307564
10.710389,-18.453077
18.487741,-16.599138
9.97393,-17.181583
0.27989602,-45.670227
14.006807,10.815091
-17.607542,-7.656646
8.016804,5.13564
-15.498757,-2.1571405
-6.349705,-41.693916
-3.099427,5.6693826
-17.228893,16.342438
22.059742,12.972368
-15.328124,11.997309
19.548536,-15.628807
18.773699,-16.32396
-2.641942,-36.331276
0.74470305,-43.420593
4.3527055,-16.949348
-10.437883,3.2072532
19.328646,-17.596453
18.414427,-15.20261
-8.106098,19.129244
24.55297,13.179465
-18.75055,9.327974
-10.364856,5.899794
18.556187,-20.63572
-21.268982,8.797505
19.352348,14.321394
-11.75665,-36.553215
-8.102919,-41.169388
9.696942,11.567904
23.32796,15.374754
20.887962,12.711992
-15.180678,5.7805
-1.9153241,-46.0926
-12.447556,-36.29035
-16.113832,14.997454
20.344578,-1.9660319
-17.97456,9.16868
20.052485,11.830118
11.125683,12.722209
20.72022,11.301031
-2.9485023,7.018621
20.804468,12.196138
-2.5809784,-37.277378
19.679392,11.877802
20.9454,-2.1976943
-9.320977,6.4865646
7.186709,1.5911183
23.750895,10.316654
-14.726213,-6.1380568
18.290197,-0.14891423
-8.563634,5.2503324
18.903824,-0.75461626
-4.223982,-47.8602
18.31096,10.599966
20.018034,10.424525
18.318066,21.467909
9.249972,-8.191384
10.52697,-7.233057
18.95888,-0.78264016
-17.820192,11.345536
-20.171505,9.86666
-20.17992,11.708019
19.32636,20.293827
17.964437,-20.879803
17.538235,-19.399944
-14.575908,9.118483
-18.011791,-5.9104986
19.130146,12.33198
-7.812404,5.232561
20.069197,11.355647
3.800336,-20.623716
-8.844918,15.304065
-4.876197,-47.490902
15.240496,-18.523787
10.388893,10.637115
1.8221042,-18.999357
-6.4392076,-39.84406
-5.46892,-46.56142
23.142807,9.730719
9.73975,-17.420273
-8.926794,-35.60123
-12.865905,10.537584
-2.4343193,-41.53863
2.9057148,5.7789073
-3.9025118,7.4571643
20.68267,-15.770637
-8.87701,20.294191
19.170399,11.027242
-5.100029,9.059093
-14.63893,19.76576
-11.442103,-35.404648
19.374777,-17.016851
20.584225,11.054075
8.030269,-17.253437
13.834007,17.075632
-1.6501076,9.002878
-10.747595,1.4727887
-4.094765,-34.712143
19.91037,-16.656828
11.189689,11.121887
2.772832,-19.584784
-10.675915,7.0462837
-9.402519,4.589014
9.958623,-14.59633
-11.633186,7.556985
-8.744795,-37.035767
-0.8746929,5.7686915
8.954015,-17.138905
-12.691021,12.371815
3.5054717,-19.651869
-0.72928244,-45.248047
-2.0281892,-38.672287
14.709959,-41.983864
18.256466,-19.944368
9.669113,-16.947262
-19.610943,11.580613
-2.3376226,6.3040533
-9.629022,14.656759
-3.6194372,-45.582848
15.837205,-19.893856
-11.775617,6.317253
17.77061,20.271263
-16.562206,-5.223027
19.026592,-0.8425439
24.573143,17.339415
-10.068379,-38.943043
-10.229781,11.111229
-19.789835,-6.5257554
-9.220873,18.859953
18.829313,10.650288
18.658686,-16.704605
22.675798,-2.829343
20.262917,-16.593422
19.120611,22.41144
-18.33877,-3.3218842
-14.566072,-2.3067188
-9.846783,2.4857483
-9.6519165,-36.688812
-10.144005,18.684813
-2.053359,12.4982
-1.3374572,8.265503
-2.7473016,5.330807
-9.371786,2.4111774
-11.879565,4.9681573
19.91413,9.47796
-0.44806126,-46.269352
27.458805,14.568992
-1.0562332,9.551635
-8.568516,19.932135
7.3819804,-12.069837
-5.965139,1.0822998
10.506047,-18.368874
18.940289,-16.621214
19.157349,-15.897482
11.029591,-11.365033
17.621185,-20.28238
3.6136603,-19.586264
17.910368,-0.05680869
-11.4123745,9.5977745
-3.4904625,-41.92809
-4.0655985,-43.575603
15.459967,-40.10518
-23.97189,9.94887
9.881846,-12.253549
-17.554678,6.438266
20.155188,19.229979
0.25263777,5.4124126
-17.040483,10.782826
0.96581805,-17.987558
-7.6295347,3.6326468
22.549688,16.223156
18.746405,-16.120918
-9.14236,16.439516
-15.130131,11.84042
-9.134848,16.932283
24.724583,9.710212
14.898445,-42.944653
18.099163,-16.85189
2.8100655,-19.522644
-16.895563,-3.8988025
24.375505,14.793081
-11.62728,9.154829
-10.518849,2.238889
-4.5150523,10.963464
-7.596846,17.37802
-2.5319068,-37.324047
-2.0492022,-44.39454
-14.152518,11.625284
19.046865,18.704044
8.701003,-16.238401
-0.38404799,-42.93889
5.8809123,6.8281894
-14.9592085,11.129887
-12.305574,13.851968
-2.9520016,7.797205
-15.0553465,9.857326
-8.022424,4.5622683
-5.037536,11.892883
-17.67892,-4.9287715
9.806254,-9.29512
-8.226394,4.925496
-2.4561644,7.8165693
23.376589,15.264334
2.2850895,-17.656511
-3.5152307,10.433271
18.640947,-15.484676
-25.185402,9.5545
-19.512741,-1.3811278
27.277775,16.779688
-3.6333196,-48.803097
0.39408377,10.223179
22.266037,12.851311
-8.591611,4.1970654
3.449822,-19.587818
14.593286,-41.95126
-11.702901,-36.00884
-16.10881,10.77207
9.028258,-8.143299
15.126105,-40.5766
-0.9848942,8.874422
-15.324137,-4.3245664
-2.6922436,-37.6799
-7.578,-37.801804
8.205933,-8.129872
-0.5904279,10.665681
-10.0018635,18.246454
3.7941973,-16.996645
-1.38933,2.3320148
9.704763,-15.992312
-15.790602,-4.232183
-9.829317,2.9217055
5.1725554,-20.11265
-5.4385195,-37.915234
1.9919078,-16.944126
-1.4328009,6.5817323
12.288347,14.510451
-0.51704806,6.6056786
-14.2333355,9.0366
-11.627711,-37.615837
1.0802953,8.20108
8.714672,-16.982037
17.227869,-19.106665
15.542658,-41.64092
21.335299,20.739708
21.633938,12.016831
-6.40435,-40.517853
-7.980975,-39.735565
-2.3896656,9.517282
18.265493,22.448112
2.9059877,5.8188834
15.709037,-42.05535
23.53546,13.08123
-20.135004,-4.2109604
-21.654509,8.7094345
21.023937,10.76048
-18.209412,-1.5127884
20.698698,12.213577
-16.661932,9.253937
-20.199707,10.707799
1.7772814,-18.286602
-2.6485033,-41.24119
-22.001442,17.17616
-5.8661985,-40.753033
23.496647,8.785192
-8.936102,12.442909
-16.600494,8.6456
-12.722486,10.055409
10.6018915,-7.763927
-1.5614744,-43.54785
-5.6705966,-35.341057
-23.084435,15.741159
9.376884,-10.563505
-7.8923225,4.713896
8.383134,-8.676208
24.143991,17.214714
20.497118,13.947479
-10.945848,13.407685
-20.478168,-5.1133156
20.142395,20.25607
-14.459216,10.584435
17.588682,-20.096674
-2.7537458,-37.382675
-4.652107,17.479263
15.36473,-40.275936
18.596415,12.386513
-6.4642878,16.476755
7.2155886,1.6150646
21.716026,12.06162
-8.62841,4.5371633
9.671538,-10.127109
7.1609783,1.6141
20.932299,13.564615
22.517225,14.095295
17.843403,12.839916
9.285444,-16.468424
-5.873749,17.879309
9.434019,-17.048088
-13.915735,11.299824
-2.0324636,6.6886177
-3.0546188,7.4507794
3.0847921,-19.670692
-10.366368,21.249544
-18.208408,-4.5236945
-2.8357537,-37.1129
23.391317,13.188395
20.653627,10.076247
-12.488814,14.650351
-11.372134,17.940542
10.236479,-12.675149
20.323095,19.488243
-22.227774,11.7929325
-3.2114704,-37.735424
15.788644,-18.64345
21.809135,-2.3057685
-19.77352,-6.3166914
0.92357415,7.232088
20.745247,13.129389
-25.180624,9.556751
24.406826,14.9976225
3.303647,-20.66265
-6.057126,7.611185
11.079175,-15.01993
-12.627066,2.4615247
-21.964775,9.403574
-16.471739,-6.17795
22.326387,14.509136
17.563269,-19.894913
-5.7433887,-42.782967
-2.3837204,7.2406025
18.943623,-15.924664
-11.16636,11.761291
-1.3205588,-40.99991
-17.909267,-3.9553213
8.00301,5.409181
0.50767237,-43.273148
-10.50233,6.3959694
-8.306863,6.3230944
14.80866,-41.66503
-0.79192466,-44.556625
-3.5865169,-35.207344
-22.47183,11.435888
-1.7129284,-45.939663
-5.4141235,11.316514
20.300655,-16.494196
18.758423,20.31366
19.427624,-17.317465
-1.7572969,-46.829037
14.807571,-41.735054
-11.701224,1.8219559
-17.153872,12.749969
13.547204,16.836243
-13.475139,11.744489
-20.258944,9.341286
-2.6930525,-37.60536
-1.2768115,5.992737
-8.43619,18.323982
-1.0686567,-46.271828
23.745655,11.116469
17.899727,-0.19277826
-4.9974866,-37.172443
-7.998923,5.3818808
-9.634781,18.371902
12.338494,15.071528
23.096184,13.211698
-6.5433865,5.661109
-6.042465,-36.891453
-21.415483,12.340964
21.625874,13.364688
-2.5545979,6.9110894
-9.729203,19.338604
-1.7360317,7.237373
-1.6995518,-45.658817
17.645555,20.853987
17.958387,-19.304367
22.039536,-2.537663
-5.705911,4.3040085
-10.578701,14.308362
10.280016,-11.140728
10.709672,12.259971
-18.123217,-7.792332
9.370346,-10.898428
17.394106,12.110867
21.694757,11.940269
-13.780799,-4.8356786
19.567081,-17.184969
-17.897598,15.464135
19.63331,-21.52973
21.861588,9.965362
7.714284,-12.186069
-2.5621588,7.9707427
-7.4982357,-38.337994
-3.7712846,10.255463
-11.190203,-34.456192
-2.845401,-44.978043
18.89057,12.076462
20.24337,11.885005
-16.168514,11.139134
-17.111925,-2.3765907
22.07583,-0.7863257
23.03613,10.542812
8.26725,-16.043615
-24.562807,14.391134
-17.386703,-3.2177749
-4.6141133,12.082414
-11.639934,-34.544518
-9.18377,19.207537
-16.72978,14.338842
25.785696,14.714686
19.856728,-16.3864
-14.124027,10.201418
-3.871796,-34.39485
14.02992,-42.146538
-19.953083,13.952528
-16.059168,3.2477884
18.143436,-0.19575897
-19.289711,11.248824
-18.221077,-3.6550598
-19.431871,10.244116
16.775953,-20.337704
-18.791227,-2.716607
9.589417,-17.180614
-7.3214817,-37.963966
-6.522167,-40.076855
19.514366,-16.204536
-9.406678,3.6908996
15.105684,-40.87953
-18.346191,11.888714
-3.551664,7.84901
-18.807535,11.938667
-4.034739,-47.369995
17.829763,-16.804996
-11.662447,-35.891766
9.465838,-17.550682
-10.337103,12.6979685
17.949974,-18.660622
8.210148,-16.691578
-7.049393,6.9876084
-12.9081745,11.4658375
24.48894,9.01529
21.273201,11.620583
-4.2441926,-34.06153
-1.4489559,-44.353848
25.271591,13.834405
10.149362,-11.004906
-16.570517,12.4402075
10.702506,13.506162
9.214465,-17.636152
19.24554,11.580442
19.109493,22.513288
-12.280721,-35.336075
-10.378713,11.821468
-17.628513,-5.509896
2.3653991,-18.483114
18.084175,-20.1065
9.883819,-16.173504
9.520965,11.55903
20.108315,11.067508
27.278257,16.779911
-6.455843,2.5116735
-16.591908,-4.109556
18.934052,-20.17333
-12.416996,-34.61974
10.959413,15.280555
-7.540115,19.379734
-13.024026,18.565308
-19.264723,11.845486
-6.962523,9.030765
23.0554,-2.7317228
-8.834161,-37.251728
18.523642,-19.935219
-14.906577,7.810041
-19.039835,13.009305
-1.8035591,-38.17425
2.6021495,-17.219671
22.714827,15.237174
25.511187,12.87184
14.376631,-41.792393
-17.1819,14.093649
-19.269356,10.978646
-10.789263,-37.179535
-16.789885,12.187578
16.70528,11.503116
-1.5021994,12.386362
2.9076328,5.816338
-13.891253,8.115183
10.111886,-8.863996
-14.124129,9.892067
-6.1476893,-45.583344
-12.22804,19.173992
10.004261,-5.4942994
-6.106823,10.256423
-20.771265,11.257292
-3.7091892,5.9229493
-4.6151533,-45.710564
-2.854132,2.1010382
19.075386,-18.771809
19.446527,21.65489
-7.836294,4.1191587
-12.733404,-1.5213434
-4.607626,-34.93875
-25.474985,11.096332
24.733934,16.62396
-17.825508,10.237132
25.53845,14.931798
14.357898,-42.57345
-17.810457,-5.078991
-6.3125057,-42.46702
11.7099285,9.702163
16.829233,-19.841747
-8.232273,-37.885593
-3.679025,-34.811275
-5.385715,-42.827065
-3.5288937,6.5658245
10.855953,-13.599324
-5.187835,9.028263
-18.662695,11.070826
-12.489441,21.01623
-24.128613,11.160169
-7.5019627,-39.821735
-19.236057,10.306971
-20.021313,12.239084
-11.665425,-35.004032
22.219341,13.245496
17.54464,-21.186874
18.493568,10.843665
-3.1562865,12.204493
-0.6172954,-43.059574
-15.740031,11.3239565
-20.587759,-5.9482718
-25.109447,7.7426896
-10.85499,9.596164
3.6637297,-19.810009
-10.357871,4.459026
-9.760746,6.864974
-2.9445524,11.333406
4.785578,8.864643
-10.531243,-35.837402
-12.927349,9.064426
-11.836557,10.9778385
-13.383845,6.301629
-3.0501473,0.8758701
-19.193466,8.8710985
-12.247891,18.508698
-1.7667872,7.795999
-9.415279,7.7865896
9.479764,-13.198757
-16.897577,-7.5564737
21.609112,0.101059295
-17.596457,8.461669
-3.8203902,7.552454
2.047841,-17.288935
-2.3936863,-48.69422
-16.273647,12.730115
14.194806,-42.91436
19.563145,-16.859386
20.217598,12.814138
-17.274406,13.27727
13.592052,16.923819
-9.907914,3.4514687
-6.0776362,-40.35152
19.092033,13.095464
-3.9701636,-37.893215
-19.263035,14.282405
3.3893943,-19.629005
14.683429,-41.904232
-3.4767408,10.300865
9.705454,-7.453477
14.684081,11.8614
21.22369,14.302611
20.27078,22.10999
-16.40227,-1.6582112
-2.35417,-48.9886
23.476988,9.518618
25.9454,11.514586
18.049423,-20.491404
-18.372728,11.839645
-6.5577106,-38.67838
-7.5833,-38.30669
-1.3414962,-43.1106
18.133165,-16.4562
-8.993298,2.3185413
18.592686,18.87783
20.508112,21.180063
22.850592,8.797026
5.859024,6.84456
-11.146062,11.487644
-13.018871,4.8078136
-9.075333,8.8162775
-5.731215,9.705244
19.378721,-20.558687
-14.799991,12.492475
0.65143913,-43.367676
-19.876884,11.016697
-25.10942,7.7427545
-8.325186,7.4939137
-14.070509,9.009306
-11.314224,-35.13507
-2.292104,-45.800365
-11.08367,12.338111
-15.091227,14.919036
9.349557,-7.667511
-17.20118,-2.7294638
-12.021744,9.055999
13.804807,-41.83553
18.876343,20.501097
-18.950352,-4.6174865
-15.943349,-6.118334
-16.285473,-4.214239
-4.6871586,-47.295116
1.5738565,9.2211075
-17.445911,-5.4731617
-10.648852,11.375189
-20.400185,7.0995655
-2.5987957,10.319657
8.731001,-7.013839
-4.4807515,-40.383953
20.029526,-14.99844
-16.485228,11.742263
-8.368413,3.6621926
18.978926,12.975418
2.272903,-17.64666
-7.0945635,-39.79894
-19.69403,9.269457
-7.4435616,4.7982373
-3.2965066,8.173289
21.65994,-0.71830887
-15.12031,8.600644
18.0522,21.083693
-17.907366,-6.5286484
-7.478662,-0.34778506
-19.29238,11.933858
-7.171743,-40.47157
-11.382786,-35.58951
-2.9114726,8.948319
-10.797978,-35.520332
-0.58528936,-46.48555
-11.302423,21.366299
22.093513,-0.855328
3.3045118,-18.748234
-5.203707,5.5254035
9.45102,-16.643661
3.7845273,-20.069403
23.706495,17.593016
20.095314,11.859083
-4.223153,-47.80245
-7.3075204,6.257009
-14.172254,16.650894
-12.424455,20.122272
-2.3355193,8.285386
-3.720851,8.475161
23.391727,14.260968
19.0596,-17.786173
19.588337,20.829988
-3.6950974,12.88337
24.338547,17.286701
4.985082,-20.239706
-19.062384,9.832104
22.785238,13.789888
19.88493,17.329416
10.535321,-12.431062
-7.9225154,11.92349
-25.478598,11.098055
10.416966,-16.15609
14.752049,-41.837753
22.079725,10.674682
-0.55754125,-46.490707
13.299064,13.442095
-18.274141,10.834869
-1.222635,-45.417233
2.5611775,-19.151937
-9.2861185,10.578147
9.393096,-6.7302566
-9.320249,19.262785
-4.1399493,-46.80935
19.640636,11.625947
-11.404204,1.0881989
-11.039036,4.4707837
-3.1070247,-44.90028
-3.600346,11.741441
26.08385,13.245076
-4.787936,8.242223
17.669868,22.187437
7.6953807,-16.374832
2.9725835,-20.600124
14.841076,-42.953804
16.380901,15.897973
-16.347439,7.760353
-12.4846945,13.15624
18.927336,-17.17157
21.552397,19.471287
-4.964186,-42.653004
23.96909,8.927139
18.765415,-20.603905
-12.215476,10.132731
-21.122385,7.8468227
-10.133521,-38.09891
14.825952,-41.839275
-17.337662,17.332335
17.54372,-15.480271
3.1533673,-19.424505
-3.6070905,-34.871613
7.945227,-11.935247
16.702051,-18.922401
-13.499241,10.607306
-2.5693839,11.176734
-19.132074,12.835774
-2.646916,6.7449546
14.733818,-41.818386
16.017498,-20.636103
-14.488933,9.543282
-15.507038,-7.4156065
19.207882,10.081998
19.223064,19.885967
-16.611004,-5.6462355
-5.9719806,11.793949
8.950865,-16.745739
-10.653426,3.705168
-6.186803,-36.625526
-2.8778296,9.372172
-17.772297,12.731804
-2.412232,-45.23098
-13.093914,14.849815
-7.066351,-37.877422
-8.077348,19.8858
-10.174435,-37.424274
-7.840942,2.0645719
-18.977703,-7.9734473
9.927242,12.878036
-1.9692818,4.3254924
18.722517,-16.34237
-7.423689,4.876001
18.234114,-0.27028167
-0.5112851,6.176241
-4.6599064,9.544585
-19.254051,-5.1230035
-1.6349579,-45.660103
2.4182525,-20.742254
24.070389,16.31985
19.540035,20.123
-6.1683216,11.596852
-19.119953,8.695186
-17.16155,-3.784152
10.516284,11.983369
21.050833,13.081841
18.64819,-16.811659
18.757435,-16.63274
18.578829,22.021748
-9.037603,4.9475317
19.777035,22.508564
18.72869,21.498615
-2.2867565,7.49462
13.291465,13.520481
-9.771134,17.012037
1.0992833,2.8732536
-3.4005272,8.339502
17.348919,12.390931
4.3315763,-20.74892
-7.156897,14.307187
-11.334075,5.2203884
23.539661,15.272711
-16.310726,-4.800364
-18.857191,10.758974
-10.509354,-36.603897
17.817867,10.135593
19.029379,11.763232
19.342205,9.923855
-9.749659,17.322796
-18.387985,8.46213
-11.191873,19.555973
-14.578181,7.153608
9.944658,-12.1747055
20.32477,-16.419752
5.1587353,-19.57403
9.970896,-12.264341
-20.189978,-3.3768113
-10.693122,5.318335
-12.825586,16.453465
-16.265656,9.916659
20.53794,-2.5239725
-14.208035,13.807559
-4.019351,5.434234
-2.109956,-38.484756
20.023235,12.144561
8.5395155,-5.717536
9.739855,-10.0949955
-11.105267,7.889455
-3.2683074,7.1589317
-19.57577,6.32412
19.137726,-15.363776
-3.9990263,-35.063606
-7.409799,-38.230545
-13.126303,7.8054266
9.944844,-10.2167225
-7.310968,1.2915657
-8.22431,11.184495
-17.119425,-6.147001
-8.013638,-36.746334
-22.557014,8.235788
-15.739723,8.442872
16.218994,-19.777676
17.18181,19.713472
-9.328644,13.385893
-19.734383,-5.403898
-11.67151,12.438837
24.060904,15.453626
-5.0238733,16.571339
17.090784,-20.262444
-17.35339,-7.135077
-9.95092,16.627512
-11.2657175,-35.65393
24.602331,10.683822
-7.51299,-41.23776
-9.575457,12.742534
8.45387,-15.844063
-9.768295,18.73291
16.84393,-21.086792
2.1161807,-17.738468
-10.715372,17.269741
-19.65301,9.732992
9.180711,13.735508
15.7625,-17.589125
-18.63199,12.507962
0.24169938,6.6854806
-2.476533,6.935907
17.690056,-22.071762
-9.725516,1.5483787
-16.86944,15.308052
21.785793,-2.2587376
9.584134,-16.455917
-8.421901,13.09002
-7.859483,18.196705
-21.663946,12.854757
9.365091,-7.684349
8.382709,-15.486604
-8.492913,9.753689
17.982094,-16.244877
-20.81488,14.781858
24.199986,13.22282
10.703005,-13.418504
18.612574,20.85491
-6.2216187,1.2680906
-16.231483,-5.2630534
