-10.706665,17.57403
-32.42059,-30.229862
-44.102886,8.864293
0.59103996,31.526785
-25.624643,-48.896152
-21.171816,-31.495134
22.289072,-45.62639
5.0473666,34.491898
-42.576458,1.2300198
-25.441986,-47.36958
1.7375916,-0.95891327
-43.447906,-0.43126133
-32.92593,-32.281414
13.651646,24.28087
-34.029198,-25.602722
27.217857,4.1150684
13.283132,-43.451927
10.706293,15.221453
3.1303713,33.95364
11.412899,2.3358762
-32.595234,-31.20332
12.908794,21.756273
0.54922074,6.4175267
15.387518,-33.745243
5.389432,-31.88209
21.90929,-2.4753208
-49.491547,5.418794
8.805904,-5.7264
3.0861104,4.289909
20.6659,-3.7417395
4.708173,35.530872
15.491439,23.479328
14.04808,9.27334
26.929817,2.2152164
25.359264,2.5918674
14.067857,-33.19774
29.83888,7.766259
-45.893173,12.284939
-3.3867512,-5.083377
3.9982495,3.2143235
-40.621838,6.9441624
5.921189,-6.9479246
11.236794,1.791315
-33.641937,9.839439
4.5584083,35.676186
6.18532,36.19755
-41.59104,1.161613
-7.141744,-10.453949
-43.294292,1.0701754
-21.33981,-34.578373
-43.704338,6.0496845
29.934416,-2.3204207
-24.258286,-47.266342
5.2425327,10.046241
-1.0601889,9.884391
6.2454267,-32.537548
23.945675,-46.52307
25.050833,5.3587174
19.267704,-0.20680922
-23.751556,-50.248497
0.074609056,7.314621
-32.774,-20.18898
18.482468,-24.683594
24.043724,1.8746454
0.17180663,8.813525
-22.967749,-45.9644
6.585103,37.468143
-33.745525,8.548958
-45.690628,3.3081124
13.638156,-0.68196875
8.437521,2.2582946
-47.753685,13.259439
27.366354,5.2201715
-47.989002,10.392638
6.9908376,37.754627
11.707996,-3.4683459
-7.912374,17.581213
4.8641586,6.711623
-6.456896,19.792902
6.5338764,-35.60861
1.6691415,30.127386
30.570827,-1.2277416
18.124283,19.772371
-5.18354,2.7713325
-2.9905894,-6.4801044
19.008535,11.617284
-21.634968,-28.046503
-41.557507,3.51998
5.0048237,9.817167
14.379834,-45.92043
-9.474888,19.529871
-2.6013083,1.0748875
-43.043053,-0.04705186
15.277537,-31.588776
7.84503,0.08796991
6.8153157,40.082367
-17.842888,-34.274845
6.9669986,34.700222
16.574892,-48.116684
-10.133726,18.43452
-45.85123,12.657169
-26.708155,38.172596
30.782595,3.1109712
14.372787,10.900937
1.0001174,11.313601
18.701609,22.433943
4.7499003,35.443344
-2.1418908,5.5719795
19.022804,24.447433
26.417238,5.097819
24.613014,4.751398
-40.97286,1.2276298
-1.206135,8.403584
-43.600468,0.5687704
-34.064117,-26.118462
-44.342686,5.2858768
14.988165,-28.263523
-25.8356,-29.918032
6.949302,-0.27646714
12.093919,14.382439
4.1632833,37.483654
8.463366,-2.267347
28.411793,3.2669196
16.129553,10.356392
-40.353436,3.7796988
18.548153,-32.359474
1.4847648,8.385889
-10.413133,19.588408
0.014014621,-0.536007
-25.375393,-48.57848
-33.051712,-32.565666
-27.894447,36.808086
-1.7572895,10.194913
-2.569481,9.709912
1.0797857,15.723553
6.061853,-32.63304
10.504157,-2.9160533
5.4060373,31.053122
0.42682913,38.940845
3.9898748,-2.6932807
7.1867495,-35.494297
-50.41983,-1.6360366
-44.706875,10.048897
-8.725034,8.612345
19.013346,-3.904402
-27.458786,37.27773
7.137418,-3.8657768
17.010471,-30.693882
7.007104,-0.5591613
24.427027,0.6638702
-9.049189,-12.835433
14.256701,23.21
32.239483,2.4508488
11.038424,14.724863
29.89391,3.5935793
-22.529383,-33.03208
-31.212505,-20.799126
-26.602707,-33.737778
34.514206,3.8617766
-8.02094,-8.631351
16.238913,-31.984262
-23.529509,-44.068336
-9.7341585,8.185099
26.288164,-3.7180462
-25.9766,-27.623516
12.76501,25.373959
9.625943,0.21922928
-10.644808,19.665373
5.5516925,34.069157
-4.7406335,8.966265
12.607485,-47.442886
3.6930006,-1.2046533
-33.56873,8.183814
-25.916975,-27.487114
17.05989,26.190165
20.675648,-3.5451288
-25.301243,-31.07267
-33.67143,-23.066927
19.608728,25.49795
7.2088194,36.08189
16.02166,24.823233
15.750173,-47.51357
-27.872156,38.625935
25.182018,4.9664116
9.486636,-2.1023352
29.96869,2.6492057
18.804201,11.597737
-33.562904,11.118394
-22.177567,-34.024445
16.21803,-31.412725
6.059047,6.9535875
14.818562,23.924858
20.608978,-47.002018
-35.11816,-30.514744
25.617989,-0.5125303
13.520002,-46.53807
-45.576275,2.9199436
10.612261,-36.054024
13.54856,25.668995
29.382128,-0.1470976
20.420769,14.426608
-26.765778,-27.626661
23.343222,-48.467606
-22.480207,-31.540394
16.969912,24.086699
29.030128,2.712633
-8.2382145,20.038193
10.450473,10.974566
-8.208352,18.678728
19.428785,-46.1349
7.5849676,-33.490913
22.996668,-46.21081
2.5013304,37.20761
-23.276003,-51.05349
-32.509983,-27.496675
-49.728794,5.8253264
15.735813,25.138897
31.735153,-0.04309012
-27.297245,-27.395258
-3.3474731,4.903989
-29.821901,-27.656551
-5.292285,22.037678
11.673399,-1.2514611
17.568956,-31.021713
23.505175,4.7482424
-7.6906066,-7.129752
17.990076,-35.72343
-28.676643,40.802895
15.770025,22.011515
1.9525826,-2.3005967
3.9426775,10.63617
-31.853865,-22.878574
-27.026865,38.183723
7.2905984,7.787203
14.43249,24.213547
7.2428484,-35.85625
-28.451317,-30.253605
3.55471,7.6170764
18.276363,7.134432
1.0018386,14.8691
0.08528632,7.3611655
31.934103,-0.570918
-35.22345,10.114327
9.441665,36.839073
15.237902,-45.780792
-46.164227,11.339691
26.854246,6.756052
-43.73932,7.1255064
7.5892396,12.812805
-1.1814549,1.6677978
23.026573,5.369721
-25.202547,38.035374
25.895292,7.11856
-41.637146,5.7862215
-9.399963,20.188484
-9.899175,16.064081
7.561127,-4.800104
-34.26705,9.799101
-1.0658714,5.5001507
-18.110622,-34.81091
-31.91237,-27.62528
13.955381,-30.56611
-23.52843,-48.059418
3.8471928,36.300205
-41.30689,3.968284
-32.42425,-26.504189
23.048641,4.809258
7.6711144,-4.4273596
5.2956595,-35.393364
15.759445,11.868986
16.083433,-32.7013
10.283154,-5.530061
10.756503,8.588462
-23.916348,-46.74599
16.511637,13.116442
8.549283,-3.1682317
-23.719545,-28.552113
25.717146,5.2415385
6.3812537,34.337875
-5.673488,21.372952
4.1398025,-2.053202
4.552761,9.430984
3.8025782,36.43865
-20.707859,-27.47152
-7.1429186,-7.745977
24.829525,6.8056006
-48.37687,-1.0862967
-26.101645,38.489883
-22.708858,-28.51137
5.416869,33.1026
31.246262,7.4915
-0.38265517,9.195403
-1.0073345,10.610092
-49.53983,4.60695
-43.508972,8.176535
-26.1467,38.434383
16.149244,21.191877
-44.5988,8.042216
-21.845093,-28.983675
-26.255472,41.69879
17.087635,-30.26427
-28.131382,-26.194555
3.4524026,-0.657646
2.4678228,11.653965
20.965984,11.158907
-17.760252,-29.147318
14.198605,-48.67932
-31.544231,-32.904667
-0.55548304,9.488984
16.47182,-33.029755
-17.758123,-27.865927
-42.81195,7.540797
15.688312,-34.892246
-8.598242,2.988546
-45.927113,13.290843
24.30412,6.8614426
19.36935,-45.68276
-2.9815931,4.298375
31.695963,2.46659
-31.457794,-31.311869
16.8754,26.447311
-48.416954,5.098494
-28.419983,-34.017128
-32.3377,-33.46504
31.567266,4.511972
24.733719,4.9523253
2.7718968,36.48804
12.506761,22.690674
-30.074335,-22.621696
8.902822,13.475816
-30.945562,-20.95599
25.285944,-2.6945314
17.048954,20.904518
24.060472,5.3910193
20.149263,8.012645
20.242487,-1.4565631
-7.117938,-10.687666
23.980957,-1.9828889
11.715796,1.5438387
-2.6880238,13.2432375
-24.707062,-49.62
21.375305,8.128575
-32.322487,-22.653078
2.892203,6.490681
1.3563963,9.691506
-24.007387,-48.30751
-9.5863905,2.2779663
-8.739888,18.277122
3.0340378,12.422283
-9.52702,18.445692
-43.257275,7.8446555
-22.099901,-30.309116
19.35998,14.0586195
-27.138021,38.422592
-9.189465,1.8532565
0.3749396,6.3801
4.9240394,-3.9362552
-28.591251,40.076225
-49.449543,6.3496723
19.266584,-43.37851
2.315527,10.473555
16.057009,-33.076427
14.523977,-44.623085
7.4654675,13.258019
-33.958435,-26.977404
-4.4278784,8.175736
17.5283,-33.761948
-23.73585,-25.456987
-28.340427,37.710903
-46.06521,2.423421
-7.8978086,21.161104
-22.822369,-29.440514
-48.593216,-0.6458697
-18.337072,-34.439423
18.129042,21.602058
15.625749,22.572151
-20.957634,-35.22791
20.215618,-48.294613
-33.24907,-27.378424
-4.9919095,8.371284
17.504095,7.985685
1.1341867,0.98957664
3.7783597,-0.50488514
3.6456616,35.15633
16.182087,-49.5583
9.075936,-34.745754
-50.360992,7.314816
6.3199134,35.489132
-27.875284,-26.301687
22.493023,4.074853
3.887414,36.800682
-17.463928,-28.438782
15.166677,21.092314
15.15463,-32.05097
12.685649,-49.57082
-49.560955,8.718497
-26.923252,-26.34642
3.6142075,5.869318
30.675356,1.6506948
-22.860186,-30.277514
-26.55158,41.21637
-11.246288,17.910149
1.9456916,38.80541
19.819153,-46.15329
3.012252,10.48073
6.6069126,37.48746
20.63181,-46.333305
24.666248,5.961551
7.2145076,13.200038
15.715293,10.966495
7.6808233,-32.90835
13.651926,9.601246
15.49631,-47.004566
17.87975,8.873913
-24.69738,-35.086266
6.0763645,13.811051
1.6753601,6.760851
-22.442047,-28.252686
21.476934,-45.822666
15.980127,-46.275288
10.869729,8.48207
25.41452,0.6490941
-44.213936,7.228161
-23.246304,-35.883125
-49.02544,-0.78258705
30.364859,1.396083
13.46209,1.1350228
19.09385,-43.26446
-50.27959,-0.45002148
16.20618,23.61305
-7.2850647,-11.139007
15.950612,20.216629
-8.695557,18.82723
-25.758192,-29.853123
16.099426,-41.602528
-2.7515028,8.998869
-32.88974,-27.970211
9.490683,1.4674911
-48.727688,5.520099
20.85954,3.4813669
-3.261688,3.2508106
7.663578,-6.3182826
-24.189657,38.729374
26.567892,3.7194695
19.57197,-24.502882
14.248768,-46.91256
16.62543,24.387259
12.033524,-34.606842
17.826262,-43.034775
16.233965,-30.943003
6.552729,0.29551452
-8.712287,-12.410223
10.060325,-35.123913
6.1249566,2.2364287
5.846989,12.713215
4.8490505,-0.617283
6.1980996,-33.411552
-23.202116,-27.913279
27.447107,6.071285
-41.73534,-0.09718543
-42.654434,8.534905
-47.653088,12.454738
-8.051442,-11.637872
19.386505,-39.24178
-23.696976,-45.86217
1.5895796,37.449223
31.860214,2.9062276
-47.137512,11.014945
-2.6173222,13.467629
5.477134,-1.7800195
3.4563334,-1.1657753
3.675175,35.09099
22.928358,-44.878986
9.554309,15.4834175
-8.986316,-11.445985
-8.78702,-8.429831
-31.977556,-32.41936
-20.794704,-29.822874
-32.006268,-26.66187
-7.7018666,21.55016
24.006186,3.5816557
-27.276756,41.448994
16.79653,-31.020168
27.489168,0.34302184
17.065481,10.053617
-45.933872,2.817674
-34.15376,10.082061
1.3378985,35.974377
-23.707834,-47.82702
16.777138,-31.540327
-19.974924,-33.88279
-8.6646185,18.864561
0.24057701,36.86952
-26.847246,36.136295
18.008928,-42.669083
18.108343,-44.32519
30.815685,1.9815818
-17.509748,-28.363794
-23.758345,-47.6353
-48.588276,11.330772
-4.4195786,6.8802443
-8.266721,-11.290545
-0.19876298,3.273104
25.46614,6.6515317
-33.013363,-22.330942
1.685899,37.65319
23.718252,-46.660732
11.559222,15.094552
-3.3169744,2.179288
4.5165486,38.07422
-36.137478,-27.591595
15.394089,-32.399796
-25.60606,37.35538
29.219046,-0.58159626
15.967567,-44.6953
4.8815756,13.213302
-9.837696,18.624205
12.6648855,-47.49473
10.027836,-1.3075875
-17.711,-34.20021
27.244421,6.2563906
15.990222,-3.2740152
26.61739,7.801517
-46.259373,10.714637
7.2457967,12.52615
-6.684555,20.041828
15.750455,-34.80024
5.397543,-33.033897
12.968394,19.648111
11.499791,14.077131
-43.781223,1.7698296
-17.039795,-29.029295
14.687023,-46.290318
7.798524,0.76217675
7.630668,34.90226
-22.511497,-27.59429
5.483249,36.58668
12.00675,15.060334
34.513306,3.860996
-29.901867,-28.965874
-25.560669,39.3108
-35.010708,-27.26466
-35.043804,10.106558
26.328587,4.2538624
18.935957,-0.7443393
30.06989,-2.9902494
27.203878,-2.8834596
-0.039419748,9.915233
-5.6331353,19.982355
-49.061367,10.885469
13.940821,14.588752
-23.618753,-46.07057
24.164791,1.3065877
29.900473,-1.9355451
-50.6652,-2.464409
0.6356967,38.362793
-33.427967,9.448584
6.2185736,-0.31092334
-7.674254,-12.175123
6.1723475,-0.8393257
0.8293482,37.5057
-25.103882,36.57152
-24.642853,39.84362
-48.72006,-0.08558953
-31.703772,-26.349428
3.730918,-34.750374
16.539654,20.941542
16.90227,-34.470295
1.7199875,39.02012
-25.428354,-46.844036
-47.65864,11.28743
5.429786,-1.6382841
7.6879597,37.54108
-1.8069198,8.009577
12.430904,-44.8205
4.5449505,-3.6377869
-44.08374,6.3069615
-24.628649,-47.894585
-33.21422,9.50488
7.6299596,-5.9340444
-2.309146,7.733499
11.526889,14.31895
-24.031122,-32.81275
12.521134,-29.286655
-7.501116,16.381025
24.625975,5.1039124
-35.484657,10.70109
9.293095,-34.60974
23.469933,3.2776756
-17.678816,-28.84002
-9.1413,2.4831166
-32.197056,-30.225388
-49.343155,-1.1837955
-31.26768,-25.76872
-44.64985,1.5841427
-8.6435375,16.934366
4.9449015,36.21135
-31.46535,-21.901426
-30.703115,-32.658024
4.7237983,38.96265
-9.917764,16.324987
-8.31742,-7.0678673
15.707581,-30.317383
10.533174,13.960954
-42.47002,0.29835963
14.372922,9.679682
-48.11023,10.576047
1.961338,8.997065
-44.401344,7.446911
19.55883,-1.9257246
21.647713,-47.596413
19.94513,9.974624
-31.089472,-31.218796
14.359884,18.329735
-24.32829,-47.69178
-20.682283,-35.222195
-31.988615,-30.231474
16.782387,-45.992836
3.289303,40.78373
9.580005,12.078544
-32.3066,-30.409815
-22.98286,-36.106907
7.8109756,-34.707657
6.488907,-1.8674589
-43.698177,5.8508
4.0842576,38.593174
5.37864,-1.6027036
6.75596,36.04753
5.2226787,3.6722648
-32.27776,-27.31778
-7.9959793,19.294163
26.403955,2.232547
-45.80507,2.2686803
-4.9614916,3.294769
17.339275,10.782571
5.1595807,37.32765
-33.012077,-22.522995
12.154159,-47.37923
10.389376,-2.1458447
-34.15977,-26.979229
6.927963,36.75066
4.297137,0.034761574
17.998262,23.739708
-25.932589,-26.951973
17.698786,10.8737955
4.382353,33.088932
-27.664114,39.429653
17.308409,-28.516794
5.2543964,32.404133
-23.967102,-34.90153
-27.314896,37.87008
-46.170277,2.747484
-3.3910563,-6.3934317
-35.449936,-25.915186
22.420803,-47.97304
-1.0665326,5.3697343
-34.37993,10.757997
4.2600646,13.182691
5.070052,-5.5302286
-27.887836,38.861107
14.238848,-45.503323
18.05356,-48.083874
14.677972,22.303549
16.202612,-46.366604
-49.3841,-1.1737465
3.9405766,34.99772
9.546511,-2.7530496
1.6537361,0.3513682
0.21125153,3.714472
7.3112507,-3.340665
0.6002706,8.9836645
-44.780865,11.692294
-17.379581,-34.856125
6.457831,0.99942803
-46.261196,1.037121
-28.307915,37.21111
-30.584665,-27.324465
21.622034,-48.235577
13.603267,-50.141956
29.92711,-2.297413
13.66351,-47.250084
14.659532,-31.803896
-48.401714,6.637069
5.4035954,35.994373
-0.57137644,6.4351883
13.751187,23.799845
0.06031211,7.978747
5.131884,5.061734
20.490015,-24.710798
-7.518441,-7.7510247
-25.917217,37.039062
3.3852873,38.216057
25.460293,4.073402
-7.690345,-12.281159
4.716149,-33.66574
13.46851,-47.84949
2.4713624,8.461394
-26.70958,36.496887
5.561927,-34.59559
-46.492878,12.194879
27.604654,4.6072235
7.0927577,-34.732697
5.417852,39.679
-2.7122843,-5.345516
-8.272772,7.80828
12.610315,-29.2588
28.510635,1.2812958
20.462494,-24.59434
24.511082,-0.63091046
-31.417234,-21.989511
-43.99208,6.8727965
4.8419604,-32.85226
-23.296412,-28.924856
26.425066,-1.1722206
-46.96177,11.646746
4.751402,38.477097
3.1483362,-3.0526257
22.514465,1.4015355
16.715744,10.046464
-0.5817646,35.627724
16.448812,12.114553
28.954542,4.357108
14.809139,15.7465925
2.490451,4.248247
16.859678,10.76304
19.929157,-44.27213
-9.416129,2.4052784
-7.8236046,-12.156651
9.520266,-4.03941
5.9969726,32.335052
-27.47108,40.23471
-42.610165,6.8909216
0.046484575,2.7688835
-31.404259,-30.430328
20.086437,23.014498
4.7107325,0.76944757
-49.999596,-0.25212443
-35.147713,-28.252048
8.550222,0.3326459
2.451066,27.499743
-42.931137,8.621347
13.731856,-48.00761
0.086521976,36.06157
-19.049591,-34.328114
3.1887262,37.015118
19.387152,-1.486767
29.402866,-1.0974815
9.0106,34.909218
-24.779856,-47.639484
-9.476544,8.074357
6.900807,-1.5772136
1.0355225,15.314498
6.503586,39.815792
-32.730366,-20.069977
-7.1874213,16.978062
25.296936,3.6348403
-45.9678,2.7286367
14.858438,-27.367598
5.9488926,-3.959995
10.92879,-34.23566
16.889315,-39.66597
20.551172,-31.457369
-24.358,-45.666286
27.67847,3.9406507
-3.5232594,6.721726
-0.1767431,8.857836
22.809793,-45.125507
17.35953,19.988386
-3.931798,6.268944
-8.224831,8.482238
5.279701,38.03247
3.6971204,-32.475616
6.359681,1.2292327
-8.547371,19.87723
11.28462,14.444444
-34.858334,10.310848
-7.1025696,-7.823548
18.598501,20.675749
23.072206,6.9693937
8.120619,4.340748
-17.783926,-30.121557
9.32587,-4.0510287
-26.23692,38.008354
26.982294,5.148762
6.7915034,-31.792446
-7.811557,-12.622635
-27.202381,36.320034
7.007949,11.61018
21.4563,-48.839863
29.843445,-1.187448
-1.1910508,7.866093
14.591535,12.778591
-27.802685,40.628464
-44.55447,8.499268
25.545961,1.9377382
-32.940716,-32.03208
-33.268066,-31.90949
-49.959583,4.447451
-6.9145617,-10.987943
19.108055,10.228465
-32.155018,-29.565048
20.917948,1.3278469
-3.2501287,13.667612
16.625309,-31.095976
19.172243,-34.822716
17.345442,9.3762245
19.103456,12.644315
23.013807,-47.403786
14.659514,22.598877
24.108738,-46.916954
12.153805,15.02551
10.974935,14.789086
5.3519278,39.95925
14.065655,21.457178
-33.092453,-25.79202
-27.901945,39.35845
-31.292181,-26.026863
29.626566,0.9144947
32.537018,-0.5017885
6.754362,38.523396
-30.609364,-27.771034
-29.87834,-30.556183
1.2160846,34.177036
-33.41802,9.209545
-21.814075,-29.610455
1.8133318,8.482145
-24.858683,-48.04124
-31.716331,-30.518072
25.22131,5.7023883
-4.5261326,7.7327366
31.624441,1.7339069
2.975649,35.41603
-41.86737,1.3282306
5.5787725,36.414593
5.802542,-1.5218697
-42.397846,7.59015
-8.354149,-11.78469
6.410561,-3.4670506
-29.255054,-27.778843
16.21465,-30.862444
-25.315584,-49.246365
-25.972918,36.964745
0.48619235,31.52
-21.202961,-30.493803
16.982721,8.741002
29.51537,1.5138601
20.01402,3.6582177
14.411201,24.098143
11.110342,-2.0080397
2.094289,38.543816
-16.930244,-29.377579
9.958831,5.0805893
-4.542408,2.3912635
-26.966372,-27.707468
-46.99801,2.6743681
18.10871,-33.858307
-10.80288,18.762054
7.028697,-35.126152
2.6503356,38.341522
-3.031377,8.609313
27.876993,6.95579
-46.462387,11.271926
33.3151,1.646209
14.389232,-32.077103
19.142813,8.368086
15.967223,14.686913
-4.478663,2.9142861
-22.806997,-27.435944
13.91416,13.489076
-34.307556,-26.753567
15.373565,10.329152
13.9197855,-46.90025
4.665395,-5.4127154
22.020168,-46.835438
-27.255747,-33.81375
6.925384,0.67097884
-32.48393,-25.56013
7.182845,0.8188574
-3.7304988,-2.8353786
-0.9105552,7.144167
7.892617,-34.29848
-9.424716,17.574047
15.71493,23.836462
-3.8248518,5.755589
5.161553,35.564827
3.5403564,0.9180165
-23.816095,-47.913742
-32.5794,-28.65586
16.86697,9.56888
9.611481,-34.727676
-43.657413,6.758116
15.10723,12.560628
-50.71155,-1.1473626
-25.309628,-28.333416
-25.234833,-32.38057
15.488507,-32.97074
19.634674,-1.6111957
4.8201194,-34.800426
-25.903738,-47.44023
-48.97025,-1.4916304
0.38886026,4.951712
8.173716,-3.1216664
22.043621,6.6303234
-35.58163,11.581992
-1.6676813,8.89436
-26.606918,37.43228
18.387161,23.449854
24.04292,2.71305
-41.179188,7.3476105
4.256665,40.021965
-47.188187,3.0253649
-24.257538,-49.966484
-44.43931,6.3310833
-3.7308776,-2.7979105
16.13583,9.4946375
-25.063225,38.0542
20.18756,-32.980145
14.334306,24.81102
-32.305973,9.321082
-7.9755697,-11.98732
2.277549,40.39828
3.458363,8.459366
-48.19705,6.842178
-31.937515,-31.133266
-9.008405,-11.847089
-30.763718,-30.025307
5.924141,14.576458
-38.46847,7.029691
-28.058584,41.16949
-46.156876,3.9216886
24.57212,3.6028466
-31.490292,-27.641024
0.6828866,10.677411
-7.3446407,-8.918693
-8.192946,-8.480051
-43.694363,2.481056
-34.71615,-27.864773
-27.519087,37.886192
-31.4513,-29.826242
11.636623,13.875981
25.990135,-2.3620226
18.20565,-34.03101
-43.483917,4.261209
-50.48714,5.4683466
-43.97721,7.481679
-34.057873,-26.78625
3.408305,8.114743
-32.108635,-28.45455
18.364779,-42.28088
26.448456,1.7718812
8.990323,-0.033662133
-0.8899346,6.0430913
5.5980563,-33.990704
28.426765,3.5324872
8.412146,-34.38209
0.60275364,9.886294
15.614145,-46.265182
-22.722178,-28.659643
-4.0724173,13.415677
22.742,-46.55855
13.221915,14.559368
15.210305,-45.050735
6.187386,5.949395
14.776804,-46.141365
-42.92553,8.541662
-18.086239,-33.54074
-24.002937,-48.564415
8.154203,19.423302
22.806095,8.868668
1.4828743,36.834835
8.8193865,-1.3438643
-44.958496,7.5042305
16.99614,23.086508
2.8689752,-1.4356681
6.7869334,3.96741
25.207983,7.6876
32.46162,-2.057209
-0.070493914,2.8857398
-27.933334,37.85624
18.174227,24.80561
-43.669334,3.3743944
-47.577045,12.61324
-50.909485,-1.049846
-34.43499,10.482584
28.491592,-2.5154495
-25.505085,-48.298985
14.121545,13.612425
-1.547192,9.424657
28.237713,-0.93809724
20.256231,-2.7678957
14.016046,23.486559
-31.052212,-28.234976
17.939857,24.399805
-48.72346,1.6849012
-0.38430998,35.28096
3.993725,33.954967
-26.639042,-28.848051
7.440986,-31.917025
1.2073014,11.000274
-2.2810566,6.9010463
-30.869478,-28.02698
3.606321,0.2817398
-5.891219,21.251017
-46.619995,2.1961708
2.387838,34.738876
-9.513357,-13.21744
15.528702,-32.393982
-33.87931,9.679818
-43.66922,7.5647936
1.9278829,9.602206
13.845436,5.023081
21.858047,-46.094036
-9.338545,2.4045293
0.7734461,9.314299
14.72622,24.300177
6.2981195,-2.1072698
16.329868,5.765143
-4.881167,3.241481
-10.125453,19.67238
5.8371444,35.573025
22.490395,-45.81565
-0.20925611,37.428234
18.012184,-35.2452
25.853676,8.644886
14.388927,12.383679
22.8125,4.388657
-1.2971324,13.723223
25.521858,6.0370893
2.4772263,35.63276
30.97452,1.1376498
24.69427,2.7379832
16.516706,7.8830557
-23.19943,-48.769695
-5.35385,18.408104
-43.08406,0.5190698
15.821576,22.653505
-34.824093,-27.187336
-41.77437,7.8497763
22.539318,-2.0510492
-21.841906,-26.98713
-0.45662338,35.679386
-32.42943,-23.903755
-34.738903,-27.149437
33.433006,-0.17703359
-34.129887,10.951864
17.161676,10.830311
-32.640423,-27.323294
-8.157313,-10.334762
-21.627203,-34.61296
13.107227,4.4055786
-9.495434,-13.23459
15.361483,-33.758644
18.205427,-33.148262
-34.87055,11.554104
-8.5285425,8.297974
17.350567,25.617632
19.863157,-47.133892
2.9955955,38.66856
-3.5835288,-2.7532802
-46.689133,12.615684
25.890951,4.839797
-2.5920434,6.038854
-32.12413,-25.483356
12.563635,-46.287785
16.841629,-39.629696
-20.942307,-33.285725
-45.79969,6.4132404
-45.879925,10.001156
2.1608903,8.193639
-47.873142,6.0490923
-33.92722,-28.248564
-4.983562,10.653696
23.222971,2.6925755
23.46456,1.6366497
11.512154,-4.8163643
-33.748783,-25.543503
-1.6173717,6.705076
-3.5013683,6.9057326
9.48266,-2.624219
-7.2203207,18.420382
5.6593146,-34.34552
-28.139896,39.08913
1.2168176,38.327625
2.5276034,-3.985574
27.429264,3.347163
7.7788835,-33.890263
22.29086,-2.0344753
-10.559807,17.879251
16.962767,12.147698
-1.9394366,4.621643
15.777523,20.660372
17.05312,-26.587635
8.436221,-3.2811556
17.728725,-34.300453
2.9987218,2.8143814
7.4528418,-31.920898
7.862625,-1.1103413
30.150959,0.25931877
-28.24009,35.83216
19.197628,-3.832629
-1.5824915,6.332038
-9.560394,18.896236
24.057354,4.917416
13.4141655,-28.693867
20.026726,-24.559782
-23.780653,-49.983994
11.066674,-34.14924
-32.380424,-21.476198
-46.40218,9.537055
18.42396,26.005836
8.366672,14.481977
28.015913,5.9412117
-21.955374,-29.955927
17.982916,-30.445242
4.835826,-6.0590696
14.277605,-48.69646
-45.945763,3.8344853
-23.428078,-27.870754
13.603136,-49.26992
-48.192852,11.002445
-26.269793,37.640144
-47.156555,1.7061236
15.183018,-30.785172
-7.7727013,-10.454368
25.337101,4.386404
-1.548035,11.237342
0.028561873,11.459715
-22.522623,-31.283962
-22.72579,-28.743675
17.295319,-34.05042
17.69221,-47.00243
10.12147,13.043553
14.356282,-24.597374
23.065413,-0.06906009
-23.133438,-28.055525
14.608172,-27.45104
31.568655,4.522514
16.34139,-34.091843
17.723757,22.439476
-22.06119,-28.38661
15.168822,19.126371
8.217148,-3.8519068
-32.8694,-27.671741
-1.3239907,37.186356
5.738038,-3.0604634
-19.741943,-35.105556
0.96071565,15.24802
-25.81156,38.56001
-42.021725,7.231768
22.190937,-46.36794
26.737886,4.8426685
-33.8035,-23.102562
21.221653,-44.95608
15.5149765,23.727098
-0.79757124,1.3103322
7.24995,-1.5088674
-7.6660805,21.772797
-49.98724,-1.2315419
-18.047165,-30.316904
20.787468,-3.0841174
4.884553,1.8503368
-1.3282195,13.770462
-3.3193102,5.8469653
13.980127,26.26336
-22.564468,-28.024763
-42.51293,5.7204638
3.3304758,6.121654
2.2291713,-4.110162
-42.254284,2.4690654
6.289749,36.6393
-40.022926,2.9819734
5.921505,38.39138
8.557501,-33.74292
17.339272,-33.997272
-49.707954,6.0922556
1.0983267,7.546446
17.35283,25.084414
6.4237657,12.373746
-45.811146,2.2767694
-22.203896,-47.883526
20.205645,5.377354
-23.977238,-32.736042
-31.492388,-21.360168
-25.813229,36.202713
32.230137,0.9578167
22.72524,2.2887487
-0.13073757,5.791203
-30.930107,-27.92278
7.099695,9.430664
-8.393137,-11.4467
-18.196997,-30.10081
17.105429,11.588619
21.262354,5.437987
19.235405,-46.132553
14.001544,-33.236427
33.60974,3.029926
16.701778,-32.3661
17.190504,-35.137196
-30.341354,-22.51319
6.8761206,-33.757706
20.503387,-24.650908
8.719447,7.4348087
18.979939,-33.447624
15.9912615,-47.57326
22.05171,-1.6185216
-25.266226,-47.899807
16.962631,-48.87799
4.1615334,-1.0407306
-0.59653944,4.3811736
-1.6873126,37.298016
14.011488,20.53465
-23.28601,-30.249622
-50.47291,-2.9241252
-8.81262,18.542694
-27.09311,38.099026
-30.4989,-23.620956
13.000789,-47.056236
17.082726,-35.489574
17.820503,-33.13858
-34.322598,-29.016235
2.382198,40.117626
-8.648936,2.442235
0.87762064,32.004467
-24.785719,-28.01055
1.0876385,7.9143996
20.841438,-0.7657774
-45.42012,3.4973722
24.404875,2.9770641
21.640146,-45.562977
21.423023,-46.56463
-19.721918,-35.535507
-31.784332,-33.041706
9.710749,-3.2541928
19.706518,-45.189705
23.801683,-45.534996
-44.422283,-0.13472168
25.13856,-1.8179296
11.229685,0.9508322
13.221278,-48.658154
11.532723,5.9957128
-46.666023,7.577134
-28.795057,38.978695
-24.4347,-30.459433
-9.91882,17.772135
-46.855053,2.9012177
-43.40675,6.223155
1.8356888,33.44549
-33.008232,-27.526012
-26.561203,40.32622
-2.876391,-6.4246626
27.14962,11.70974
-44.390293,7.6621428
-7.332267,16.87471
-44.78197,7.552911
-1.0132655,9.265684
-43.24061,7.2648554
-21.240055,-35.566586
-3.698087,-6.4031115
7.776609,0.09920423
20.219332,14.320222
-50.12144,-2.2969565
1.0852742,38.60724
-3.7858188,-3.5522668
8.9704685,0.57077324
-3.3642666,-5.1738877
-30.827198,-22.398989
-48.13926,11.95749
-43.19648,9.542983
-3.4884195,-4.7850933
25.178503,3.200578
27.394638,-1.2369018
29.836628,4.7613063
14.125513,-46.971737
15.527355,-49.841118
18.287457,10.0462265
4.602265,37.087383
-45.906704,9.321833
3.2547667,-4.8529406
8.465062,-36.267887
-31.158949,-21.057062
13.988173,-41.432064
-8.600828,17.790966
-22.253658,-28.52265
-32.78948,-21.445189
-49.26461,-1.7319986
17.119064,-33.359978
-25.985329,40.138298
16.112494,10.207799
-4.1181283,13.399545
0.98957175,8.811517
21.829298,-43.96594
16.635801,24.99429
5.4677887,8.3266735
9.817954,23.439445
-27.911072,40.027885
20.737854,-45.77257
-43.57292,11.10007
14.701195,-32.047
-2.5232475,11.021572
-17.54945,-33.552826
21.94277,-44.922066
-9.543628,19.10402
7.0526047,-35.01965
11.101914,-0.23449716
9.408094,-1.3379744
19.257753,-30.695307
-26.434599,37.419926
0.3527969,8.63203
15.850393,-31.654312
16.069569,11.378271
8.0990925,-35.338184
-33.00545,-28.839487
-23.803717,-36.125687
-24.961962,-47.465794
12.40502,-48.630417
17.279488,-32.785618
28.73811,1.2015502
-1.9202261,6.5794535
16.080124,22.006142
-30.407478,-24.61121
15.840123,-48.732113
5.867246,0.3868448
-34.24595,11.304841
3.2395682,35.973236
-3.3128338,-5.221824
-49.737907,5.297934
7.1691394,33.110218
-46.60552,12.600416
20.193674,-46.091816
-8.336115,-12.000532
22.223648,-44.624096
3.0617182,34.02676
-1.0171794,35.85055
10.532052,-4.437432
-27.474127,37.82324
16.674067,23.115114
5.2925344,13.720957
-0.21936369,10.438244
-4.1049585,4.9775085
-41.542877,9.235942
-35.265118,-26.346598
-40.034935,2.985038
3.3161783,13.691053
16.903261,24.222174
19.595875,-24.536322
9.0499,-7.9537573
18.017097,-35.010128
21.116674,-46.278492
22.460634,-46.111862
15.073691,-25.786854
14.291495,-48.09171
8.243028,-34.285843
-3.8672738,-1.9596708
15.12861,8.1012
-32.6243,-24.472422
-28.451466,-30.21595
-23.295238,-50.964645
27.207008,-2.8824785
15.452338,-27.41294
21.60824,-4.2047615
-34.15432,8.685299
-1.4773448,4.704614
26.288849,6.1966505
3.5840814,-34.817436
4.9313297,-0.6583957
-46.264183,1.0377861
21.522997,-46.83396
23.157679,6.1857886
15.2605915,25.978086
-51.121567,-1.6138593
-23.035643,-48.940926
20.528484,-47.970882
6.624521,-35.04472
0.2991391,36.460754
-44.44673,2.277638
15.921295,8.813964
10.661364,-3.0257921
8.495484,12.515869
-21.249569,-35.479156
-30.609737,-29.161314
17.903921,12.83608
-33.733727,10.172269
16.730127,-30.480595
-30.859581,-32.503235
1.0221227,15.130327
20.727993,11.225312
13.372822,17.040426
-0.44569927,8.123523
18.377653,9.301987
7.9162197,1.0304058
9.8532505,14.184565
6.0875998,36.937035
3.5960505,2.1464853
-0.29500955,7.716544
-46.54905,2.8953888
4.0278115,-32.961136
5.062274,12.73928
22.46034,-47.731316
20.95664,2.3325927
1.7375834,33.867455
-32.34346,-20.07347
5.4196873,11.7517805
-44.835365,4.1016116
7.8529553,-2.7884846
7.916172,-34.517162
-24.818468,-47.639442
-26.696878,39.690067
25.107306,-1.6092719
-9.181689,7.573006
-23.415659,-49.950016
-3.3689904,10.847254
6.123054,33.60122
-21.940948,-35.150116
-25.109781,38.905743
-9.194046,7.4977355
-6.9661827,17.79852
16.68777,22.833042
6.679209,-33.515194
-4.821963,3.1554763
17.41054,-32.123905
5.6843743,37.726974
7.524135,-3.055303
10.623303,-35.476166
-18.642046,-28.752188
-3.5766313,7.6524024
-3.628571,9.862514
17.421099,9.651452
-29.202076,38.3886
1.4641426,8.138578
15.330108,-31.22495
16.043623,-47.9735
-25.94003,-48.687023
-41.578766,8.651843
-23.26606,-28.584589
-22.787304,-30.520775
3.8541012,9.66983
-24.641994,-49.04052
-42.083893,1.7650839
2.4881237,35.546673
19.233137,-3.5877624
-43.9595,10.459071
8.660203,33.520615
27.97588,8.141572
28.198048,4.8937836
4.456133,-33.834835
-27.832605,-33.744854
33.438786,-0.17656809
-23.483837,-27.250624
-49.296543,-2.4680846
10.244103,23.527586
24.282736,7.9450126
15.228602,10.305389
-7.79783,8.854904
-30.514765,-30.387033
-15.198874,-33.398037
31.735435,-0.054589543
16.884089,-25.757435
8.799118,1.2442805
-42.532314,6.2204547
9.13737,38.325157
-34.081383,8.686261
17.305647,9.194525
15.198366,-47.644016
-21.522615,-34.991978
-23.494585,-50.515366
-46.07691,9.900817
16.39512,16.830854
20.067902,14.268635
-45.43294,5.7093735
7.881453,-0.5899745
16.606386,-25.95972
20.131283,14.302499
-43.618412,6.1238236
-44.84484,0.6766774
17.068968,-31.686285
17.600964,-32.60677
19.854652,11.415264
-3.2880328,8.618909
-4.725083,6.372989
7.1112757,-34.97562
13.211467,23.421747
5.350296,35.251316
-21.037022,-35.11014
-43.110943,2.6415722
-43.868073,9.130251
15.221586,13.836918
-32.936237,8.721459
31.534056,-0.7077686
-22.203753,-34.830906
15.537973,-42.452854
-7.2731686,-10.658496
7.190781,32.61777
-4.7541494,4.556243
-43.062466,6.5060024
20.955145,2.334901
7.891139,-36.586433
0.94531614,12.490711
5.5683484,-2.719431
17.287653,-1.680667
1.7194129,39.599857
-44.7684,2.7105327
15.456808,-47.49353
-27.122702,-26.716225
-1.542084,7.380326
12.770292,12.915506
-28.603321,-34.127598
8.464384,35.296165
-8.679652,2.8156867
-32.25882,-32.91952
10.320686,-0.47401765
7.4818854,-1.9026394
-24.990353,-48.456676
-32.461063,-29.92901
-18.444885,-34.41461
33.51346,1.6406094
-32.667908,-27.392551
11.325716,13.101312
22.341354,-45.080414
-34.408905,10.07073
19.923887,-45.146267
-33.52476,-26.522287
-25.70371,-48.121536
5.744578,-5.3978567
28.04264,2.3898537
18.22308,11.167937
27.356318,1.1604586
-21.797808,-35.15319
-3.7539399,7.5514317
14.690039,25.0159
-34.15942,-27.104527
-48.880733,-1.0586072
-4.0699973,-3.0908015
-17.416391,-28.46669
8.345482,0.6568762
17.775719,22.63089
-6.490523,20.100056
-43.194862,2.612825
8.368733,3.0067859
-17.778181,-29.775188
30.536913,0.7766881
-43.590797,5.087423
-3.644474,9.001166
18.034515,23.589964
-2.8215995,6.72538
-32.526245,-27.558725
14.725201,-47.654522
-7.8850317,-10.846669
5.710279,1.0768466
15.555005,21.81713
14.3493395,-25.252386
-8.534969,18.1412
13.848366,28.610868
10.249074,-32.44816
-48.665237,11.129972
4.9939117,41.819244
20.323448,-44.796116
22.465113,5.428069
13.476227,-44.813854
-51.549465,-0.5429565
20.746584,-24.78753
-0.25327972,8.074866
-21.439589,-30.48497
6.9522347,11.820947
-27.86197,41.49717
-30.321453,-27.165077
-45.63856,8.983704
-43.632915,7.307189
24.033081,6.6027565
4.5604258,34.53568
-8.216444,-8.68822
-49.351936,-1.7858244
16.93032,-30.207106
31.254677,7.49156
7.7618265,34.661716
10.687037,13.961653
-26.01549,40.930614
-40.98247,4.1593137
21.84229,-45.14634
18.675474,10.705823
-16.470606,-34.00332
-24.844772,-46.716625
26.258337,0.87406725
0.43371993,31.120182
-3.752235,-2.7744102
28.665327,5.527309
4.213188,37.131977
29.92756,2.4373114
14.417317,-49.79181
3.255886,33.1322
17.445667,-33.047775
-20.779663,-30.204563
-21.630968,-28.049013
21.008152,-44.96559
9.627826,-4.243373
-23.852522,-49.86387
26.377296,5.808825
2.6567683,9.155565
26.22146,2.8306057
-31.134012,-22.444351
20.607395,-47.65296
-26.681725,39.81988
16.169659,-33.967216
17.082483,-47.389984
15.517466,-31.226116
3.788675,4.47391
16.380882,9.166799
-42.27998,10.065059
-15.681361,-33.73801
-31.26836,-29.243668
-43.82024,0.9038035
14.40417,-24.894953
-10.160393,15.885019
16.16188,-33.379852
-48.546173,11.337018
-25.115685,40.44336
5.086987,38.16388
5.3721867,-33.999275
14.078286,-48.718906
18.16077,-31.723207
-10.066892,18.261564
-43.426147,8.461228
4.1479716,-3.7114408
4.541215,33.417526
14.732395,-46.144806
-25.804508,41.018135
-6.2289705,20.447691
14.148474,25.257011
20.339874,22.951656
28.180506,1.7681103
5.734648,6.2513466
-8.5451,-12.572705
-26.81152,37.026306
15.348837,-46.58082
17.300364,7.2543716
23.423273,1.3358319
-22.398314,-36.222855
5.744741,-32.11771
-44.582207,0.6077462
-24.59687,-46.981453
26.412859,3.5779493
25.136826,1.7382765
-28.27096,37.13598
25.747143,3.0088787
4.831381,14.503665
-3.1205273,13.587114
16.860159,8.159257
-9.358715,7.068924
17.108482,8.939469
-29.700058,-20.980175
20.02298,23.319906
-4.1548905,5.6349435
7.7314262,13.678425
28.4873,0.35133624
1.5956008,6.0338335
-30.347862,-23.554193
-2.8158042,1.6864783
11.782522,-46.213757
5.133506,-2.2702103
3.761797,17.795694
-17.385437,-32.14855
33.400703,5.4119964
-50.3499,6.306208
25.778618,5.21655
-41.007988,3.8109412
-23.215088,-47.3501
6.469361,36.472702
-26.26066,-27.723652
-5.8367004,18.839785
15.397384,-48.102932
-24.805351,37.3995
-17.730286,-34.33059
-27.431026,-26.52262
1.3922279,10.407583
12.6710825,-29.302433
5.1799407,8.163551
29.129707,6.384341
12.8700905,21.797733
28.969671,4.3564034
-23.026455,-29.846252
28.553852,2.2360778
31.51692,-0.8751181
-27.464836,40.30317
-42.336906,2.5153909
13.762221,-46.025146
-45.53892,11.111964
6.1977034,13.588739
-31.606537,-32.64548
23.55992,7.67711
9.370353,38.66727
29.12882,10.124189
15.435371,6.540704
8.1881275,-2.5168848
8.677215,-0.6440032
5.2405005,12.824014
10.789073,8.712583
-29.04875,39.780415
17.781853,10.1539345
18.178873,11.715579
2.1277652,1.1637774
-2.6448035,1.3187585
25.851492,-1.2993263
16.836952,22.492365
-1.2356887,7.9792943
9.713727,2.16333
14.8852415,-29.158403
2.8849363,41.02372
-8.129148,-6.823714
0.41030696,3.2714963
1.3335719,7.957467
4.775131,-32.551243
-35.147625,-30.388506
23.594334,4.1734457
-23.082909,-47.261166
20.71801,-44.355892
24.465403,2.2013505
7.9909005,-4.085886
-22.944372,-27.86502
-45.846283,9.708974
-21.638126,-33.996357
30.038288,5.6854634
7.754141,-34.647686
-25.372004,-47.648613
5.876706,10.586911
-7.015711,19.232409
-48.64237,4.281407
-34.01152,11.856723
7.8119116,37.886826
-34.78506,-31.373335
-49.438713,-1.5754373
-48.16055,-2.350098
13.556784,-48.314686
24.868979,4.467406
-21.02296,-29.38432
-30.23942,-31.101198
20.201366,-46.26368
7.0890756,-2.7592726
-35.546886,9.702377
-51.36396,-1.8089842
0.96423405,14.55878
6.74937,4.659836
3.2685766,11.213483
13.393583,-45.899834
23.39935,6.594389
-31.842297,-32.830784
28.620512,0.61669934
29.129065,10.12409
10.830118,3.5254922
15.44079,9.109804
-27.362402,41.007145
-31.922989,-26.880394
15.019075,13.288671
24.141783,9.584292
15.717481,8.121324
-24.381685,-46.410465
-34.334183,10.539182
5.7887297,36.803734
1.1916428,37.24842
7.2316914,35.94872
-31.356222,-21.424795
-41.313454,5.7681174
6.312584,38.68841
18.238201,-1.5064696
4.0684066,11.695947
-26.805809,-33.93081
24.979778,3.8449018
7.39179,-4.122947
-47.044758,9.172009
5.122287,-32.387646
-22.530262,-29.462246
27.770018,-2.5571618
7.228187,1.7828943
2.8054924,9.999926
-7.613153,-8.213374
18.26693,8.0831375
5.1317983,38.729496
8.667175,-4.7014585
25.969461,3.4538734
-20.87135,-27.560122
-26.543766,40.49261
2.284723,8.504121
-27.935505,40.851707
-34.97663,-26.794094
17.278337,22.727762
-8.1879635,-8.726337
7.2604957,-33.404358
1.4943858,4.935254
16.698711,-31.84599
8.53502,-35.348816
-49.662464,6.630057
-44.268806,7.7412324
-30.671156,-22.51887
6.9405613,2.9165459
16.916943,19.45596
0.9137315,6.8310905
19.41527,-45.295517
-33.422253,10.186626
7.2464046,14.540393
-49.28207,6.3901587
9.546583,-36.20537
26.927607,-1.6532992
-45.2965,2.1563764
33.4046,5.4257765
19.192324,-32.252636
-25.22014,-47.96817
-34.852932,-26.88209
-7.586092,21.78483
25.329636,3.064369
-32.677406,-28.328417
5.9320974,-34.319897
8.010463,11.183504
17.244715,23.904518
-31.781496,-22.49009
-43.948463,7.730526
5.678805,-5.1341844
6.227802,-5.222307
-30.143017,-26.364895
6.4376574,14.001363
-41.7055,2.4194007
1.9206063,10.456655
18.098536,-31.394794
8.472814,-33.40118
-23.495733,-47.991726
-5.290718,22.041769
19.272423,9.155353
14.026463,15.777921
20.334223,-45.03116
-32.277718,10.548242
-27.392513,-26.375078
-49.25419,-0.9974139
16.379501,-45.367832
12.512615,11.906665
16.929554,-1.6874484
-26.572273,36.445446
-24.685707,-48.358562
18.551897,3.3483324
7.035538,-34.22521
-17.599207,-34.43547
20.551426,-24.69007
17.415304,11.416527
4.7362556,14.501751
26.951181,2.7085378
-2.635788,6.7418604
-24.901428,-48.09226
11.58703,-48.413284
18.708164,8.494082
0.9259894,39.82362
-45.192272,12.736555
-34.78382,9.731322
3.074909,36.2875
11.469893,13.470429
16.843117,-31.434252
6.2140994,-2.7512233
-17.74925,-29.907015
-0.51602924,12.321331
24.415806,4.053323
-30.974228,-27.326162
19.230282,21.87811
-20.019363,-30.672394
17.197083,23.362911
-27.011227,36.797
8.313647,39.85813
-8.940127,19.308699
-5.2630963,6.9161496
21.543135,-47.24893
8.006305,1.7159685
-0.9531968,8.53121
5.7239685,9.643038
9.076872,36.864853
-32.61599,-27.82191
6.3047776,-36.48326
-48.836838,5.538589
-35.431854,10.621713
10.71021,13.540031
26.66362,-1.9088459
5.418996,35.149067
-9.324969,17.91096
-43.562733,6.2979465
21.07093,-46.917507
7.712533,-5.8620625
-0.93596166,7.85499
-7.702765,21.923893
14.077387,22.990332
2.011022,7.096813
-46.833057,13.344659
18.21717,21.626137
6.2114525,-5.9778705
-46.324017,2.6034446
5.83018,34.9332
23.818558,6.8672333
-26.365362,38.922222
-46.158054,12.495324
-45.156826,9.945503
-45.71641,13.668737
15.522803,23.064077
26.959896,-1.9373074
16.420286,5.70886
15.472403,-27.38064
22.721308,-44.751514
10.910585,-34.180218
15.265045,-27.377214
8.840281,35.443027
10.261044,-1.2254114
21.050043,3.7259502
18.050146,12.918746
14.282712,14.909527
2.3353293,7.7454014
-23.501934,-35.974743
16.309683,-26.21874
11.341238,1.7540193
1.3837385,9.191937
8.445948,5.8310056
23.400301,-46.65328
-18.01843,-33.775414
-21.35963,-30.575195
13.656319,8.516617
14.404632,-24.756512
9.092393,-7.5814276
13.323438,13.503776
3.2823677,39.531445
-24.624681,38.035736
19.328527,-2.3839939
15.747963,8.242722
15.2350645,-48.529743
-33.97393,10.750074
7.799017,36.51965
13.9614,15.093686
-46.359287,1.873938
15.002802,-49.18074
3.155657,39.9333
17.264935,21.644789
-26.608429,40.474392
-50.47729,-3.0464041
-24.63333,-29.833836
15.930973,-29.859318
18.117342,22.888945
14.616151,-48.173786
4.7042975,-33.05673
15.889374,23.665648
27.070631,-1.6347152
-9.961555,15.935484
14.649037,-43.852413
26.059952,3.9922006
-3.2694092,7.973011
13.749332,-45.201126
10.366141,-5.723457
15.846402,0.7849623
-7.211512,-10.601031
17.242914,-32.15883
12.247987,16.549091
15.452547,24.599516
31.616983,1.4609004
-8.361849,8.408311
16.290276,-29.740551
9.624939,11.942752
21.247486,-47.635384
31.697474,1.0496726
-42.48387,2.2899396
12.890979,-29.060768
-34.615868,10.547212
9.074515,-7.731993
4.326951,32.531273
